"","unique_fish_id","est_standard_length","est_height_anus","region","year","station","sampling_date","bu_date","open_water_day","NASC_zoo","surf_sal_kgm3","surf_temp_degC","prof_mel","indstandard","carbon_mg","fish_WW","feeding_success","prey_range_um","prey_min_um","prey_max_um","prey_median_um","fish_cond","appendicularia","bivalve larvae","calanoid sp c","calanus glacialis c","calanus hyperboreus c","calanus sp c","calanus sp n","cyclopoidae sp c","egg","limacina helicina","other","other copepodite n","other copepodite sp","pseudocalanus sp c","pseudocalanus sp n"
"1","2009-547",15.384,2.3,"Mackenzie Shelf",2009,"260","2009-08-05","2009-06-22",44,12.1756506915521,29.4630833333333,4.13384615384615,14,0.266204537,0.0878295317852589,21.732698984772,0.00404135408339298,323,154,477,308,0.314115671953767,0,0,0,0,1,1,3,2,102,0,0,1,0,7,1
"2","2009-549",16.153,2,"Mackenzie Shelf",2009,"260","2009-08-05","2009-06-22",44,12.1756506915521,29.4630833333333,4.13384615384615,14,0.266204537,0.058865268246729,25.3916179770658,0.00231829528547165,454,238,692,400,-0.101814313961443,0,5,0,0,0,0,0,0,150,0,0,0,0,0,1
"3","2009-551",12.307,1.846,"Mackenzie Shelf",2009,"260","2009-08-05","2009-06-22",44,12.1756506915521,29.4630833333333,4.13384615384615,14,0.266204537,0.0426937514482594,10.6646893481211,0.00400328130099553,233,155,388,271.5,0.323986369822559,0,1,0,0,0,0,3,3,100,0,0,0,0,0,1
"4","2009-553",14.861,2,"Mackenzie Shelf",2009,"260","2009-08-05","2009-06-22",44,12.1756506915521,29.4630833333333,4.13384615384615,14,0.266204537,0.0765602183024614,19.4623786866087,0.00393375442618119,699,116,815,220,0.0929601227127459,0,0,0,0,0,2,0,1,65,2,1,0,0,5,0
"5","2009-590",12.307,1.384,"Mackenzie Shelf",2009,"345","2009-08-15","2009-06-22",54,12.1756506915521,27.7580551892552,2.11825601620602,11.7142857142857,0.010588621,0.0134859268042303,10.6646893481211,0.00126454005025531,735,88,823,246,-0.138013630177441,0,0,0,0,0,0,15,1,1,0,0,6,0,1,10
"6","2009-591",10.923,1.076,"Mackenzie Shelf",2009,"345","2009-08-15","2009-06-22",54,12.1756506915521,27.7580551892552,2.11825601620602,11.7142857142857,0.010588621,0.000274495710852861,7.28909243797289,3.76584208786901e-05,697,53,750,268,-0.237369806371653,0,0,0,0,0,0,0,0,1,2,0,0,0,0,0
"7","2009-594",7.846,0.769,"Mackenzie Shelf",2009,"345","2009-08-15","2009-06-22",54,12.1756506915521,27.7580551892552,2.11825601620602,11.7142857142857,0.010588621,0.0034007037855047,2.53682657511591,0.00134053459501831,425,106,531,221,-0.080499108502861,0,0,0,0,0,0,1,0,2,0,0,1,0,0,8
"8","2009-595",14.923,1.538,"Mackenzie Shelf",2009,"345","2009-08-15","2009-06-22",54,12.1756506915521,27.7580551892552,2.11825601620602,11.7142857142857,0.010588621,0.0259557500479068,19.7225821122097,0.00131604218454937,634,83,717,247,-0.378386638180288,0,0,5,0,0,0,9,10,0,0,0,1,0,11,4
"9","2009-596",10.461,0.923,"Mackenzie Shelf",2009,"345","2009-08-15","2009-06-22",54,12.1756506915521,27.7580551892552,2.11825601620602,11.7142857142857,0.010588621,0.00505765826630612,6.35040179293622,0.000796431222971109,438,53,491,238,-0.320721362297756,0,0,0,0,0,0,5,4,0,0,0,0,0,2,7
"10","2009-598",11.692,1.076,"Mackenzie Shelf",2009,"345","2009-08-15","2009-06-22",54,12.1756506915521,27.7580551892552,2.11825601620602,11.7142857142857,0.010588621,0.00428282627616283,9.05582419622822,0.000472936110878416,429,125,554,274,-0.353299792286863,0,0,0,0,0,0,3,3,0,0,1,1,1,4,7
"11","2010-102",11.324,0.993,"Lancaster Sound",2010,"305","2010-08-08","2010-07-05",34,3.50126732940252,29.2814705882353,-0.812222222222222,19,0.178219996,0.00265604396000792,8.17753186519068,0.000324797751178923,406,77,483,180,-0.380822243760469,0,0,0,0,0,0,3,0,6,0,0,0,0,0,2
"12","2010-108",12.072,1.587,"Lancaster Sound",2010,"305","2010-08-08","2010-07-05",34,3.50126732940252,29.2814705882353,-0.812222222222222,19,0.178219996,0.00351178340823155,10.0285564367315,0.000350178356215755,986,106,1092,106,0.100413608691317,0,0,0,0,0,0,3,1,2,0,0,0,0,0,4
"13","2010-112",13.568,1.854,"Lancaster Sound",2010,"305","2010-08-08","2010-07-05",34,3.50126732940252,29.2814705882353,-0.812222222222222,19,0.178219996,0.0244178732844812,14.557547064857,0.00167733431845999,776,168,944,336,0.141885313594887,0,0,2,2,0,0,10,5,0,0,0,1,1,6,8
"14","2010-14",17.947,2.553,"Lancaster Sound",2010,"301","2010-08-07","2010-07-05",33,3.50126732940252,28.5462537878788,0.59842803030303,12.5,0.903952092,0.0493931874647291,35.5301247106915,0.00139017771164383,800,154,954,385,0.180732636972385,0,0,0,2,0,1,2,2,14,0,3,0,0,3,0
"15","2010-145",9.446,1,"Peel Sound",2010,"310","2010-08-09","2010-08-16",-7,0.460334394540943,28.3282,0.019,6,0.143445048,0.00246275429239819,4.58567869845603,0.000537053390423404,246,194,440,254.5,-0.090705841226315,0,0,0,0,0,0,2,0,1,0,0,1,0,0,2
"16","2010-146",11.965,1.322,"Peel Sound",2010,"310","2010-08-09","2010-08-16",-7,0.460334394540943,28.3282,0.019,6,0.143445048,0.00643713289351083,9.74774617478112,0.000660371410794903,673,181,854,396,-0.148455691057802,0,0,0,0,0,0,3,3,2,0,0,6,0,0,5
"17","2010-147",10.363,1.125,"Peel Sound",2010,"310","2010-08-09","2010-08-16",-7,0.460334394540943,28.3282,0.019,6,0.143445048,0.0026460692458503,6.16256380169879,0.000429377987960283,882,91,973,207,-0.103947449918444,0,0,0,0,0,0,2,0,2,0,0,2,0,0,2
"18","2010-149",11.752,1.111,"Peel Sound",2010,"310","2010-08-09","2010-08-16",-7,0.460334394540943,28.3282,0.019,6,0.143445048,0.00107810013503967,9.20490427680713,0.000117122362451512,673,116,789,233,-0.327345044763993,0,0,0,0,0,0,0,0,1,0,0,4,0,0,3
"19","2010-151",10.042,1.005,"Peel Sound",2010,"310","2010-08-09","2010-08-16",-7,0.460334394540943,28.3282,0.019,6,0.143445048,0.0161106441036544,5.57402846042382,0.00289030531832438,652,196,848,375,-0.175555349165802,0,1,0,0,0,0,16,12,0,0,0,14,0,0,29
"20","2010-158",9.829,1.058,"Peel Sound",2010,"310","2010-08-09","2010-08-16",-7,0.460334394540943,28.3282,0.019,6,0.143445048,0.00484361091750746,5.20556014120298,0.000930468726923232,624,168,792,246,-0.0904447028719918,0,0,0,0,0,0,6,4,3,0,0,2,0,0,3
"21","2010-163",10.363,1.164,"Peel Sound",2010,"310","2010-08-09","2010-08-16",-7,0.460334394540943,28.3282,0.019,6,0.143445048,0.000806050705072633,6.16256380169879,0.000130797948874855,712,142,854,194,-0.0649474499184444,0,2,0,0,0,0,0,0,1,0,0,0,0,0,0
"22","2010-164",10.897,1.481,"Peel Sound",2010,"310","2010-08-09","2010-08-16",-7,0.460334394540943,28.3282,0.019,6,0.143445048,0.00109559687729757,7.2338893728809,0.000151453363581264,649,208,857,429,0.171549803035103,0,0,0,0,0,0,0,3,4,0,1,0,0,0,3
"23","2010-168",9.401,0.952,"Peel Sound",2010,"310","2010-08-09","2010-08-16",-7,0.460334394540943,28.3282,0.019,6,0.143445048,0.00185735380169571,4.51635339869627,0.000411250767539997,602,246,848,440,-0.131921901868468,0,0,0,0,0,0,3,0,2,0,0,1,0,0,1
"24","2010-183",10.79,1.318,"Peel Sound",2010,"310","2010-08-09","2010-08-16",-7,0.460334394540943,28.3282,0.019,6,0.143445048,0.0058212945395437,7.00972689861063,0.000830459534835447,864,115,979,247,0.024680503285984,0,0,0,0,0,0,7,2,3,0,0,3,0,0,1
"25","2010-185",11.645,1.164,"Peel Sound",2010,"310","2010-08-09","2010-08-16",-7,0.460334394540943,28.3282,0.019,6,0.143445048,0.00285712287092622,8.9402090021636,0.000319581216751731,860,129,989,220,-0.258214344513112,0,0,0,0,0,0,2,1,0,0,1,2,0,0,7
"26","2010-188",12.713,1.322,"Peel Sound",2010,"310","2010-08-09","2010-08-16",-7,0.460334394540943,28.3282,0.019,6,0.143445048,0.00808749825313877,11.8280719969602,0.000683754567542139,1109,99,1208,125,-0.261219838606017,0,0,0,0,0,0,5,3,9,0,0,3,0,0,3
"27","2010-192",11.431,1.375,"Peel Sound",2010,"310","2010-08-09","2010-08-16",-7,0.460334394540943,28.3282,0.019,6,0.143445048,0.00164586757276639,8.42658035348749,0.000195318563844848,685,91,776,246,-0.0149529440113497,0,0,0,0,0,0,2,0,1,1,0,0,0,0,0
"28","2010-196",11.859,1.181,"Larsen Sound - Victoria Strait",2010,"312","2010-08-10","2010-08-09",1,0.400446066666667,24.594,2.929,4,0.039155437,0.00479866735585114,9.47493042943885,0.000506459376307561,237,155,392,155,-0.273475745014874,0,2,2,0,0,0,2,0,11,1,0,1,1,0,0
"29","2010-198",10.576,1.058,"Larsen Sound - Victoria Strait",2010,"312","2010-08-10","2010-08-09",1,0.400446066666667,24.594,2.929,4,0.039155437,0.000586010202504915,6.57579233946124,8.91162877799951e-05,1360,42,1402,215.5,-0.203058096212254,0,0,0,0,0,0,0,2,1,0,0,0,0,0,1
"30","2010-202",11.859,1.428,"Larsen Sound - Victoria Strait",2010,"312","2010-08-10","2010-08-09",1,0.400446066666667,24.594,2.929,4,0.039155437,0.00241347984450706,9.47493042943885,0.000254722698227769,99,185,284,220.5,-0.0264757450148739,0,0,0,0,0,0,1,2,7,0,1,3,0,0,1
"31","2010-204",8.76,0.954,"Larsen Sound - Victoria Strait",2010,"312","2010-08-10","2010-08-09",1,0.400446066666667,24.594,2.929,4,0.039155437,0.00213821948599045,3.6053778657483,0.000593063907753997,871,91,962,215.5,-0.0332884545711343,0,0,1,0,0,0,0,2,3,0,0,6,0,0,2
"32","2010-216",12.5,1.655,"Larsen Sound - Victoria Strait",2010,"312","2010-08-10","2010-08-09",1,0.400446066666667,24.594,2.929,4,0.039155437,0.00392278636144939,11.2074195739606,0.000350016909384174,983,116,1099,310,0.103890807687793,0,0,0,0,0,0,2,2,0,0,1,1,2,0,0
"33","2010-217",12.82,1.788,"Larsen Sound - Victoria Strait",2010,"312","2010-08-10","2010-08-09",1,0.400446066666667,24.594,2.929,4,0.039155437,0.00653522343550675,12.1485792142312,0.000537941377362975,258,220,478,362,0.188649461143102,0,0,0,0,0,0,1,0,20,0,1,0,2,0,0
"34","2010-223",10.47,1.164,"Larsen Sound - Victoria Strait",2010,"312","2010-08-10","2010-08-09",1,0.400446066666667,24.594,2.929,4,0.039155437,0.00217149471481753,6.36784676496842,0.000341009260267321,427,62,489,250,-0.0810781501693256,0,0,0,0,0,0,3,0,2,0,0,0,0,0,3
"35","2010-232",11.645,1.322,"Larsen Sound - Victoria Strait",2010,"312","2010-08-10","2010-08-09",1,0.400446066666667,24.594,2.929,4,0.039155437,0.00152529496908418,8.9402090021636,0.000170610661195398,322,168,490,240,-0.100214344513112,0,0,0,0,0,0,0,0,11,0,4,0,0,0,1
"36","2010-236",11.004,1.192,"Larsen Sound - Victoria Strait",2010,"312","2010-08-10","2010-08-09",1,0.400446066666667,24.594,2.929,4,0.039155437,0.00257569198255856,7.46292445099301,0.000345131724094546,1829,220,2049,677,-0.133580897215778,0,1,0,0,0,0,2,0,1,0,0,2,0,0,1
"37","2010-237",11.324,1.058,"Larsen Sound - Victoria Strait",2010,"312","2010-08-10","2010-08-09",1,0.400446066666667,24.594,2.929,4,0.039155437,0.00173517120658384,8.17753186519068,0.00021218764233374,1979,104,2083,336,-0.315822243760469,0,0,1,0,0,0,0,2,1,0,0,1,0,0,2
"38","2010-243",11.538,1.322,"Larsen Sound - Victoria Strait",2010,"312","2010-08-10","2010-08-09",1,0.400446066666667,24.594,2.929,4,0.039155437,0.00051590454609177,8.68078689700415,5.94306198519647e-05,489,114,603,248,-0.0840836442622309,0,0,0,0,0,0,0,0,3,0,0,1,0,0,1
"39","2010-244",11.324,1.324,"Larsen Sound - Victoria Strait",2010,"312","2010-08-10","2010-08-09",1,0.400446066666667,24.594,2.929,4,0.039155437,0.00280726720990854,8.17753186519068,0.000343290280757968,354,115,469,216,-0.0498222437604688,0,0,0,0,0,0,4,0,3,0,0,0,0,0,0
"40","2010-279",29,3.67637887263882,"Mackenzie Shelf",2010,"14","2010-08-16","2010-06-07",70,34.7037923445826,26.1344,9.208,6,0.011038416,0.0187304299268539,164.214802677493,0.00011406054522161,406,63,469,260,-0.362174750884005,0,1,0,0,0,0,2,8,5,1,2,0,0,0,0
"41","2010-28",20.085,2.564,"Lancaster Sound",2010,"301","2010-08-07","2010-07-05",33,3.50126732940252,28.5462537878788,0.59842803030303,12.5,0.903952092,0.12539356692192,50.877275493388,0.00246462818037919,1247,215,1462,477,-0.130579859629331,0,0,2,2,3,3,0,0,16,0,0,3,0,0,1
"42","2010-286",23,2.8859274243103,"Mackenzie Shelf",2010,"15","2010-08-16","2010-06-07",70,34.7037923445826,28.0503333333333,8.05922222222222,10,0.005333019,0.0550396879752388,78.3924948955801,0.000702104047696816,132,53,185,132,-0.248100951499573,0,5,1,3,0,1,27,27,15,0,6,3,0,11,9
"43","2010-287",23,3.53682176664861,"Mackenzie Shelf",2010,"15","2010-08-16","2010-06-07",70,34.7037923445826,28.0503333333333,8.05922222222222,10,0.005333019,0.0480726718982537,78.3924948955801,0.000613230538998499,136,62,198,72,0.402793390838737,0,28,2,0,0,0,8,41,12,9,1,1,0,6,0
"44","2010-289",17,1.87330106324538,"Mackenzie Shelf",2010,"15","2010-08-16","2010-06-07",70,34.7037923445826,28.0503333333333,8.05922222222222,10,0.005333019,0.0228275188947054,29.8878550758399,0.000763772403097546,295,106,401,201,-0.356202064851541,0,2,1,0,0,0,13,2,3,1,3,6,1,2,4
"45","2010-303",21,2.71957535396998,"Mackenzie Shelf",2010,"10","2010-08-16","2010-06-07",70,34.7037923445826,27.1691666666667,8.669,7,0.022063208,0.0190412565451532,58.6465190396287,0.000324678375749576,1549,132,1681,385,-0.112944605935576,0,0,0,0,0,0,15,5,20,1,0,1,0,0,1
"46","2010-305",26,2.87141348528732,"Mackenzie Shelf",2010,"10","2010-08-16","2010-06-07",70,34.7037923445826,27.1691666666667,8.669,7,0.022063208,0.00843927062494521,115.911805193533,7.28076886634152e-05,203,88,291,180.5,-0.714877514379029,0,0,0,0,0,0,5,2,3,0,3,0,0,0,0
"47","2010-308",38,5.41246927115695,"Mackenzie Shelf",2010,"10","2010-08-16","2010-06-07",70,34.7037923445826,27.1691666666667,8.669,7,0.022063208,0.408183104626357,388.930823083688,0.00104950052914301,2100,88,2188,417,0.0171277760646974,0,1,6,16,3,8,0,0,0,0,9,2,1,3,0
"48","2010-321",31,4.70016980218295,"Mackenzie Shelf",2010,"10","2010-08-16","2010-06-07",70,34.7037923445826,27.1691666666667,8.669,7,0.022063208,0.14378870192639,203.145166196972,0.000707812568805945,695,104,799,323,0.360107762755808,0,8,0,3,0,0,14,7,19,2,1,0,0,0,1
"49","2010-337",33,5.0328739428636,"Mackenzie Shelf",2010,"12","2010-08-16","2010-06-07",70,34.7037923445826,27.94775,8.08425,5,0.013204152,0.118358869102868,247.983141657144,0.000477285949004181,2132,212,2344,932,0.391303487532141,0,0,0,0,0,0,1,2,2,0,2,0,4,0,0
"50","2010-366",13,1.63232634214876,"Mackenzie Shelf",2010,"5","2010-08-19","2010-06-07",73,34.7037923445826,25.854,9.7882,6,0.007695008,0.00899249308399126,12.7011189500901,0.000708007941609543,969,284,1253,676,0.00584004586047313,0,0,0,0,0,0,4,0,1,0,0,0,1,0,0
"51","2010-398",42,6.36369050558618,"Mackenzie Shelf",2010,"1","2010-08-21","2010-06-07",75,34.7037923445826,25.9232,10.1243,11,0.038703415,1.4955788379436,535.214567859161,0.00279435375596345,1726,63,1789,440,0.365332178685293,0,12,0,5,3,0,0,0,4,0,0,0,0,0,0
"52","2010-42",10.47,1.269,"Lancaster Sound",2010,"301","2010-08-07","2010-07-05",33,3.50126732940252,28.5462537878788,0.59842803030303,12.5,0.903952092,0.00837176898521825,6.36784676496842,0.001314693850875,923,308,1231,923,0.0239218498306744,0,0,0,0,0,0,6,0,2,0,0,0,0,0,2
"53","2010-438",31,4.03476152082166,"Mackenzie Shelf",2010,"2","2010-08-21","2010-06-07",75,34.7037923445826,27.7338947368421,8.07457894736842,20,0.016440352,0.0165756547894085,203.145166196972,8.15951228361326e-05,1218,62,1280,274,-0.305300518605482,0,8,0,0,0,0,3,3,4,3,1,2,0,0,0
"54","2010-450",27.518,3.20188471227213,"Mackenzie Shelf",2010,"8","2010-08-22","2010-06-07",76,34.7037923445826,27.83875,9.217,9,0.007410152,0.0715627795829398,138.91223314012,0.000515165424709247,788,116,904,388,-0.613251175065596,0,3,3,1,1,0,17,85,40,3,6,6,4,9,1
"55","2010-452",19,2.20600520392603,"Mackenzie Shelf",2010,"6","2010-08-22","2010-06-07",76,34.7037923445826,25.0526414141414,9.95773737373737,11,0.006108735,0.0203793842270438,42.6173730889144,0.000478194284394899,639,176,815,370.5,-0.325006340075209,0,2,0,0,0,4,5,18,1,0,2,4,0,5,3
"56","2010-466",27,3.03776555562765,"Mackenzie Shelf",2010,"16","2010-08-23","2010-06-07",77,34.7037923445826,28.3898709677419,6.97338709677419,32,0.012712653,0.0335684000664738,130.741389767918,0.000256754193343529,1282,71,1353,200,-0.699279651990858,0,2,0,0,0,0,9,15,58,7,4,1,1,1,4
"57","2010-485",33,4.86652187252328,"Mackenzie Shelf",2010,"13","2010-08-24","2010-06-07",78,34.7037923445826,26.3201538461538,9.85553846153846,14,0.010047687,0.0560171807797864,247.983141657144,0.000225891084391675,132,115,247,141,0.224951417191821,0,10,2,0,0,3,2,5,6,4,2,0,0,0,0
"58","2010-61",13.034,1.655,"Lancaster Sound",2010,"301","2010-08-07","2010-07-05",33,3.50126732940252,28.5462537878788,0.59842803030303,12.5,0.903952092,0.0208354798827987,12.8073891488738,0.00162683273230835,846,462,1308,923,0.0233880606413397,0,2,0,0,0,0,2,1,32,1,29,2,0,0,0
"59","2010-76",13.888,1.324,"Lancaster Sound",2010,"305","2010-08-08","2010-07-05",34,3.50126732940252,29.2814705882353,-0.812222222222222,19,0.178219996,0.00346237953636531,15.681346725592,0.000220796057695396,1014,127,1141,179,-0.436356032949804,0,0,0,0,0,0,0,0,1,0,0,1,4,0,0
"60","2010-87",12.713,1.428,"Lancaster Sound",2010,"305","2010-08-08","2010-07-05",34,3.50126732940252,29.2814705882353,-0.812222222222222,19,0.178219996,0.0107787507836936,11.8280719969602,0.000911285523664697,780,53,833,221,-0.155219838606017,0,2,0,0,0,0,3,8,2,0,0,2,1,3,3
"61","2010-89",12.82,1.693,"Lancaster Sound",2010,"305","2010-08-08","2010-07-05",34,3.50126732940252,29.2814705882353,-0.812222222222222,19,0.178219996,0.00973871011114901,12.1485792142312,0.000801633667560136,626,115,741,115,0.0936494611431017,0,0,0,0,0,0,8,2,0,0,0,2,0,0,8
"62","2010-91",11.645,1.64,"Lancaster Sound",2010,"305","2010-08-08","2010-07-05",34,3.50126732940252,29.2814705882353,-0.812222222222222,19,0.178219996,0.0184506426470967,8.9402090021636,0.00206378202597182,194,106,300,221,0.217785655486888,0,0,0,1,0,0,14,1,7,0,0,1,0,1,5
"63","2010-92",9.722,1.136,"Lancaster Sound",2010,"305","2010-08-08","2010-07-05",34,3.50126732940252,29.2814705882353,-0.812222222222222,19,0.178219996,0.00590650891155164,5.02693311563282,0.00117497264747436,193,101,294,182,0.00368599737888926,0,1,0,0,0,0,9,1,1,0,0,8,1,0,0
"64","2010-99",12.713,1.693,"Lancaster Sound",2010,"305","2010-08-08","2010-07-05",34,3.50126732940252,29.2814705882353,-0.812222222222222,19,0.178219996,0.0220732116144262,11.8280719969602,0.00186617156372561,1172,110,1282,110,0.109780161393983,0,0,2,1,0,0,8,1,1,0,0,0,0,0,4
"65","2011-189",16,2.71,"Lancaster Sound",2011,"332","2011-08-04","2011-05-23",73,7.04683240646258,30.0028,4.34324166666667,14,0.093325298,0.0466178977220721,24.6323265956393,0.00189254951378913,1124,88,1212,280,0.631251079855237,0,0,1,0,0,4,6,6,2,0,10,1,0,9,1
"66","2011-194",10.42,1.85,"Lancaster Sound",2011,"332","2011-08-04","2011-05-23",73,7.04683240646258,30.0028,4.34324166666667,14,0.093325298,0.000885718255281519,6.27134529016366,0.000141232576791894,1367,185,1552,262.890734824281,0.612459560228283,0,1,0,0,0,0,0,1,1,0,2,0,0,0,0
"67","2011-197",11.85,1.85,"Lancaster Sound",2011,"332","2011-08-04","2011-05-23",73,7.04683240646258,30.0028,4.34324166666667,14,0.093325298,0.00962343305682571,9.45201118972464,0.00101813602033051,1143,150,1293,247,0.396881042856696,0,1,0,2,0,0,4,0,2,0,0,0,0,2,2
"68","2011-199",11.14,2,"Lancaster Sound",2011,"332","2011-08-04","2011-05-23",73,7.04683240646258,30.0028,4.34324166666667,14,0.093325298,0.00893734828271323,7.76115663227942,0.00115154850058584,781,132,913,265,0.653916530502728,0,0,0,0,0,0,3,2,2,0,0,5,0,0,2
"69","2011-200",13.71,1.42,"Lancaster Sound",2011,"332","2011-08-04","2011-05-23",73,7.04683240646258,30.0028,4.34324166666667,14,0.093325298,0.00742037975939806,15.0491569059751,0.00049307611089176,1174,38,1212,247,-0.31352178393432,0,2,0,0,0,0,0,4,0,0,7,2,0,1,0
"70","2011-201",16.28,2.7,"Lancaster Sound",2011,"332","2011-08-04","2011-05-23",73,7.04683240646258,30.0028,4.34324166666667,14,0.093325298,0.0088777925690998,26.0339596414858,0.000341008155937708,2401,333,2734,903.5,0.579039901628633,0,0,0,0,0,0,3,5,0,0,2,1,0,0,2
"71","2011-202",16.14,3,"Lancaster Sound",2011,"332","2011-08-04","2011-05-23",73,7.04683240646258,30.0028,4.34324166666667,14,0.093325298,0.0745574620138305,25.3264868723206,0.00294385330226415,2794,53,2847,310,0.900145490741935,0,0,3,0,0,0,4,10,1,0,2,0,0,19,2
"72","2011-203",12.57,2.14,"Lancaster Sound",2011,"332","2011-08-04","2011-05-23",73,7.04683240646258,30.0028,4.34324166666667,14,0.093325298,0.00642843904482598,11.4088593287422,0.000563460277630987,1603,88,1691,318,0.578338013131142,0,0,0,2,0,0,0,4,1,0,1,1,0,0,0
"73","2011-204",11,1.57,"Lancaster Sound",2011,"332","2011-08-04","2011-05-23",73,7.04683240646258,30.0028,4.34324166666667,14,0.093325298,0.00116653847429655,7.45427404953749,0.000156492566082801,892,238,1130,379.5,0.245022119616031,0,0,0,0,0,0,0,1,3,0,0,0,0,0,1
"74","2011-206",11,1.71,"Lancaster Sound",2011,"332","2011-08-04","2011-05-23",73,7.04683240646258,30.0028,4.34324166666667,14,0.093325298,0.00392517924284518,7.45427404953749,0.000526567606283368,426,88,514,256,0.385022119616031,0,4,0,0,0,0,0,0,8,0,0,0,0,0,1
"75","2011-209",16.71,3.14,"Lancaster Sound",2011,"332","2011-08-04","2011-05-23",73,7.04683240646258,30.0028,4.34324166666667,14,0.093325298,0.196942637729165,28.2916036129286,0.00696116913072988,2495,179,2674,297,0.954215592209205,0,0,4,2,0,2,0,0,0,0,1,0,0,0,0
"76","2011-210",16.71,2.7,"Lancaster Sound",2011,"332","2011-08-04","2011-05-23",73,7.04683240646258,30.0028,4.34324166666667,14,0.093325298,0.00771866855952633,28.2916036129286,0.00027282541722022,1359,115,1474,300,0.514215592209205,0,0,0,0,0,0,2,2,4,0,4,0,0,2,1
"77","2011-213",9.42,1.14,"Peel Sound",2011,"310","2011-08-08","2011-07-25",14,0.740788968379447,19.9355,3.54575,2.5,0.15484263,0.000858296384900296,4.54553566233392,0.000188821835017702,787,106,893,247,0.053213768180441,0,0,0,0,0,0,2,0,1,0,0,5,0,0,0
"78","2011-214",15,2.14,"Peel Sound",2011,"310","2011-08-08","2011-07-25",14,0.740788968379447,19.9355,3.54575,2.5,0.15484263,0.0144269250813307,20.0490503211771,0.000719581468958262,2625,162,2787,191,0.212005287807396,0,0,0,4,0,0,1,2,0,1,0,0,0,3,1
"79","2011-215",11.14,1.42,"Peel Sound",2011,"310","2011-08-08","2011-07-25",14,0.740788968379447,19.9355,3.54575,2.5,0.15484263,0.00390196445856897,7.76115663227942,0.000502755535475255,1661,132,1793,918,0.0739165305027281,0,0,0,0,0,0,5,0,2,0,0,3,0,0,2
"80","2011-219",12.14,1.42,"Peel Sound",2011,"310","2011-08-08","2011-07-25",14,0.740788968379447,19.9355,3.54575,2.5,0.15484263,0.00144613838050804,10.2098720651608,0.000141641185244886,948,182,1130,508,-0.0768376774494304,0,0,0,0,0,0,2,0,0,0,0,0,0,0,6
"81","2011-222",11.85,1.42,"Peel Sound",2011,"310","2011-08-08","2011-07-25",14,0.740788968379447,19.9355,3.54575,2.5,0.15484263,0.0133877578417963,9.45201118972464,0.00141639250875519,2091,88,2179,982,-0.0331189571433044,0,0,0,0,0,0,3,0,2,9,1,1,0,0,0
"82","2011-226",12.14,2,"Peel Sound",2011,"310","2011-08-08","2011-07-25",14,0.740788968379447,19.9355,3.54575,2.5,0.15484263,0.00895425100476371,10.2098720651608,0.000877018923216315,511,141,652,315,0.50316232255057,0,0,0,0,0,0,6,2,12,1,0,2,0,0,7
"83","2011-230",11.28,1.42,"Peel Sound",2011,"310","2011-08-08","2011-07-25",14,0.740788968379447,19.9355,3.54575,2.5,0.15484263,0.000569548568855182,8.07660265441118,7.0518334654499e-05,1379,88,1467,355,0.0528109413894262,0,0,0,0,0,0,0,0,2,0,0,13,0,0,0
"84","2011-232",12.86,2,"Peel Sound",2011,"310","2011-08-08","2011-07-25",14,0.740788968379447,19.9355,3.54575,2.5,0.15484263,0.000576013101498225,12.2699100595955,4.69451771610797e-05,373,148,521,304,0.394619292825015,0,0,0,0,0,0,0,0,1,0,0,1,1,0,0
"85","2011-235",61,8,"Peel Sound",2011,"310","2011-08-08","2011-07-25",14,0.740788968379447,19.9355,3.54575,2.5,0.15484263,0.983917423971235,1760.21153702329,0.000558976806637201,653,162,815,194,-0.862688277991901,0,0,9,4,3,3,0,0,0,0,5,0,15,3,0
"86","2011-245",11.42,1.86,"Coronation Maud",2011,"314","2011-08-10","2011-07-18",23,0.249010208998549,25.8585,4.50483333333333,4,0.00515075,0.00580046107483862,8.40074033491315,0.000690470225669532,121,144,265,175,0.471705352276124,0,0,0,0,0,0,0,0,0,0,0,7,0,2,5
"87","2011-246",13.14,2.29,"Coronation Maud",2011,"314","2011-08-10","2011-07-18",23,0.249010208998549,25.8585,4.50483333333333,4,0.00515075,0.0319582619843649,13.1426185922265,0.00243165102601907,2459,297,2756,925,0.642408114598411,0,0,2,0,0,0,5,2,1,0,1,3,0,11,5
"88","2011-247",16.86,2.42,"Coronation Maud",2011,"314","2011-08-10","2011-07-18",23,0.249010208998549,25.8585,4.50483333333333,4,0.00515075,0.0448493248709262,29.1097408214338,0.00154069818573937,689,256,945,506,0.211602461016381,0,0,1,1,0,0,4,0,61,0,0,0,0,16,8
"89","2011-248",17.14,2.71,"Coronation Maud",2011,"314","2011-08-10","2011-07-18",23,0.249010208998549,25.8585,4.50483333333333,4,0.00515075,0.0257415998109133,30.6801301478886,0.000839031636659626,116,194,310,213,0.459391282789776,0,0,2,0,0,0,5,0,14,0,0,0,0,5,0
"90","2011-249",23.13,4,"Coronation Maud",2011,"314","2011-08-10","2011-07-18",23,0.249010208998549,25.8585,4.50483333333333,4,0.00515075,0.0510898001982086,79.8147133119992,0.000640105039261324,350,82,432,349,0.846373577156346,0,0,6,0,0,0,0,0,55,0,0,0,0,14,0
"91","2011-250",16,2.42,"Coronation Maud",2011,"314","2011-08-10","2011-07-18",23,0.249010208998549,25.8585,4.50483333333333,4,0.00515075,0.0270501899440285,24.6323265956393,0.00109815813942712,117,129,246,143,0.341251079855237,0,0,2,0,0,0,2,0,25,0,0,0,0,7,3
"92","2011-251",16.14,2.29,"Coronation Maud",2011,"314","2011-08-10","2011-07-18",23,0.249010208998549,25.8585,4.50483333333333,4,0.00515075,0.0085737029253752,25.3264868723206,0.0003385271304543,657,165,822,284,0.190145490741935,0,0,0,0,0,0,0,1,1,0,0,0,0,3,1
"93","2011-252",17.14,2.42,"Coronation Maud",2011,"314","2011-08-10","2011-07-18",23,0.249010208998549,25.8585,4.50483333333333,4,0.00515075,0.0257619574425176,30.6801301478886,0.00083969518115915,291,141,432,226,0.169391282789776,0,1,1,0,0,0,1,0,32,0,0,0,0,8,0
"94","2011-253",12.86,1.85,"Coronation Maud",2011,"314","2011-08-10","2011-07-18",23,0.249010208998549,25.8585,4.50483333333333,4,0.00515075,0.00312194928777614,12.2699100595955,0.000254439459834073,662,129,791,406,0.244619292825016,0,7,0,0,0,0,0,0,0,0,1,5,7,0,6
"95","2011-254",12.14,1.86,"Coronation Maud",2011,"314","2011-08-10","2011-07-18",23,0.249010208998549,25.8585,4.50483333333333,4,0.00515075,0.00622079321443887,10.2098720651608,0.000609291984731727,124,132,256,176,0.36316232255057,0,1,0,0,0,0,0,0,0,0,0,0,0,2,0
"96","2014-121",21.248,3.154,"North Water",2014,"108","2014-08-01","2014-05-19",74,4.98640854203936,32.4803,3.6385,11,0.03944024,0.0679561409034491,60.8845770599432,0.0011161470471667,527,181,708,323,0.284092996522309,0,0,0,2,0,0,9,5,11,1,0,1,0,1,8
"97","2014-122",20.916,2.822,"North Water",2014,"108","2014-08-01","2014-05-19",74,4.98640854203936,32.4803,3.6385,11,0.03944024,0.0833064390949449,57.9014619406538,0.00143876227478211,269,155,424,292.5,0.0021433935624256,0,0,1,11,4,1,4,7,9,1,0,1,0,8,0
"98","2014-123",18.924,2.49,"North Water",2014,"108","2014-08-01","2014-05-19",74,4.98640854203936,32.4803,3.6385,11,0.03944024,0.0481990539067917,42.0759534636831,0.0011455249361941,666,84,750,343,-0.0295542241968742,0,0,5,1,0,0,17,24,34,1,1,4,0,7,16
"99","2014-124",19.256,2.822,"North Water",2014,"108","2014-08-01","2014-05-19",74,4.98640854203936,32.4803,3.6385,11,0.03944024,0.0177385706807942,44.4762820801432,0.000398832138190654,310,168,478,261,0.252395378763009,0,0,0,0,0,0,0,5,10,3,1,4,0,0,1
"100","2014-147",23.24,3.32,"North Water",2014,"105","2014-08-01","2014-05-19",74,4.98640854203936,32.5150714285714,4.18992857142857,15,0.053806338,0.492510037364017,81.0318817120814,0.00607797853089454,711,130,841,313,0.149790614281609,0,5,8,8,2,1,1,6,3,0,0,0,0,8,1
"101","2014-148",20.584,2.988,"North Water",2014,"105","2014-08-01","2014-05-19",74,4.98640854203936,32.5150714285714,4.18992857142857,15,0.053806338,0.18668544592229,55.0202635065643,0.00339303074948046,1396,62,1458,458,0.218193790602542,0,0,0,2,1,7,0,0,10,0,0,1,0,3,0
"102","2014-149",19.588,2.656,"North Water",2014,"105","2014-08-01","2014-05-19",74,4.98640854203936,32.5150714285714,4.18992857142857,15,0.053806338,0.0359476639310122,46.9689761825055,0.000765349105999922,1447,246,1693,549,0.0363449817228922,0,0,2,0,0,0,1,1,10,0,0,0,3,0,0
"103","2014-150",19.588,2.822,"North Water",2014,"105","2014-08-01","2014-05-19",74,4.98640854203936,32.5150714285714,4.18992857142857,15,0.053806338,0.127145153861448,46.9689761825055,0.00270700288137866,452,78,530,282,0.202344981722892,0,0,0,0,4,0,1,0,1,0,0,0,2,0,0
"104","2014-151",18.426,2.49,"North Water",2014,"105","2014-08-01","2014-05-19",74,4.98640854203936,32.5150714285714,4.18992857142857,15,0.053806338,0.0562704301971601,38.6445089070702,0.00145610416042485,155,168,323,220,0.045521371363301,0,1,0,6,1,0,9,7,7,1,1,2,0,5,5
"105","2014-152",18.758,2.49,"North Water",2014,"105","2014-08-01","2014-05-19",74,4.98640854203936,32.5150714285714,4.18992857142857,15,0.053806338,0.0445839053527074,40.9098347338682,0.00108980898218583,363,106,469,233,-0.00452902567681579,0,1,1,0,0,0,2,1,5,1,0,0,0,14,1
"106","2014-173",12.948,1.66,"North Water",2014,"101","2014-08-01","2014-05-19",74,4.98640854203936,30.42525,2.274,9,0.023692091,0.0127518003067984,12.5397613965021,0.00101690932575124,1219,163,1382,479,0.0413529225252253,0,0,0,0,0,0,8,0,0,0,0,1,0,1,0
"107","2014-175",15.106,1.992,"North Water",2014,"101","2014-08-01","2014-05-19",74,4.98640854203936,30.42525,2.274,9,0.023692091,0.010754080496456,20.5045164452373,0.000524473743391004,268,146,414,260,0.0480253417644672,0,0,0,0,0,0,6,0,1,0,0,0,2,0,3
"108","2014-177",13.114,1.826,"North Water",2014,"101","2014-08-01","2014-05-19",74,4.98640854203936,30.42525,2.274,9,0.023692091,0.0159147980042591,13.0598416616934,0.00121860573937429,233,129,362,177,0.182327724005167,0,0,0,0,0,0,7,0,1,0,1,1,2,2,7
"109","2014-178",15.438,2.324,"North Water",2014,"101","2014-08-02","2014-05-19",75,4.98640854203936,31.4836666666667,1.23966666666667,7,0.023692091,0.0772742096616753,21.9769842140714,0.00351614256573923,3625,125,3750,188,0.32997494472435,0,1,3,2,6,0,4,2,0,0,0,0,0,2,1
"110","2014-179",24.734,3.32,"North Water",2014,"101","2014-08-06","2014-05-19",79,4.98640854203936,30.9544583333333,1.75683333333333,8,0.023692091,0.0430571133568903,98.8488648962664,0.00043558530896713,1860,78,1938,293,-0.0754361723989166,0,2,0,5,1,0,2,7,4,0,3,0,0,0,1
"111","2014-207",10.458,1.328,"North Water",2014,"120","2014-08-06","2014-05-19",79,4.98640854203936,29.775,2.206875,9,0.029764409,0.00521711434717671,6.34459410121747,0.000822292847098853,2689,83,2772,359,0.0847309003261004,0,0,0,0,0,0,2,3,0,0,0,2,0,2,2
"112","2014-208",9.794,0.996,"North Water",2014,"120","2014-08-06","2014-05-19",79,4.98640854203936,29.775,2.206875,9,0.029764409,0.00216624756972015,5.14665915574261,0.000420903639461545,1301,52,1353,362,-0.147168305593666,0,0,0,0,0,0,2,0,1,0,0,1,0,0,2
"113","2014-213",10.292,1.328,"North Water",2014,"120","2014-08-06","2014-05-19",79,4.98640854203936,29.775,2.206875,9,0.029764409,0.00863008334575649,6.02888472227126,0.00143145602268296,1521,62,1583,344,0.109756098846159,0,0,1,2,0,0,1,0,0,0,1,0,0,6,0
"114","2014-234",10.458,0.83,"Peel Sound",2014,"309","2014-08-10","2014-09-01",-22,0.117005313840156,30.4663461538462,-1.01840384615385,53,0.065791876,0.000664779179964552,6.34459410121747,0.000104778835235021,422,116,538,362,-0.4132690996739,0,0,0,0,0,0,0,0,2,0,0,0,2,0,4
"115","2014-236",11.454,1.162,"Peel Sound",2014,"309","2014-08-10","2014-09-01",-22,0.117005313840156,30.4663461538462,-1.01840384615385,53,0.065791876,0.000456437820498882,8.48078571139297,5.38202279873326e-05,520,88,608,295,-0.23142029079425,0,0,0,0,0,0,0,1,2,0,0,0,0,0,0
"116","2014-237",14.276,1.494,"Peel Sound",2014,"309","2014-08-10","2014-09-01",-22,0.117005313840156,30.4663461538462,-1.01840384615385,53,0.065791876,0.00426044825654908,17.122120525952,0.000248827138559825,285,103,388,272,-0.324848665635241,0,0,0,0,0,0,2,0,4,0,0,3,1,2,9
"117","2014-238",12.118,1.162,"Peel Sound",2014,"309","2014-08-10","2014-09-01",-22,0.117005313840156,30.4663461538462,-1.01840384615385,53,0.065791876,0.00203106594476994,10.1509669580701,0.000200085957639259,650,142,792,417,-0.331521084874483,0,0,0,0,0,0,0,6,0,0,0,2,1,1,3
"118","2014-239",13.778,1.328,"Peel Sound",2014,"309","2014-08-10","2014-09-01",-22,0.117005313840156,30.4663461538462,-1.01840384615385,53,0.065791876,0.00530627880357288,15.2885608111985,0.000347075102038783,583,63,646,272,-0.415773070075066,0,0,0,0,0,0,6,1,1,0,0,3,0,9,9
"119","2014-260",15.106,1.826,"Peel Sound",2014,"310","2014-08-11","2014-09-01",-21,0.117005313840156,30.2813684210526,-1.05109064327485,67,0.055833306,0.0211210867158137,20.5045164452373,0.00103006997371643,2392,212,2604,333,-0.117974658235533,0,0,0,0,0,0,16,6,4,0,0,3,1,8,24
"120","2014-261",12.948,1.162,"Peel Sound",2014,"310","2014-08-11","2014-09-01",-21,0.117005313840156,30.2813684210526,-1.05109064327485,67,0.055833306,0.0117693885663929,12.5397613965021,0.000938565591022803,5737,52,5789,504,-0.456647077474775,0,0,0,0,0,0,10,1,0,0,0,7,0,1,22
"121","2014-262",11.288,0.996,"Peel Sound",2014,"310","2014-08-11","2014-09-01",-21,0.117005313840156,30.2813684210526,-1.05109064327485,67,0.055833306,0.00837323804298797,8.09488944631961,0.00103438571934975,2375,333,2708,555,-0.372395092274191,0,0,0,0,0,1,4,1,1,0,0,7,0,3,12
"122","2014-263",12.45,1.328,"Peel Sound",2014,"310","2014-08-11","2014-09-01",-21,0.117005313840156,30.2813684210526,-1.05109064327485,67,0.055833306,0.0168757993257892,11.0650382757777,0.00152514604153984,2347,179,2526,792,-0.215571481914599,0,0,0,0,0,0,20,0,4,0,0,10,1,5,14
"123","2014-264",11.288,1.162,"Peel Sound",2014,"310","2014-08-11","2014-09-01",-21,0.117005313840156,30.2813684210526,-1.05109064327485,67,0.055833306,0.0172977561423683,8.09488944631961,0.00213687367283723,980,62,1042,318,-0.206395092274191,0,0,0,0,0,0,20,0,1,0,0,17,5,0,20
"124","2014-309",23,3.5,"Mackenzie Shelf",2014,"434","2014-08-23","2014-06-23",61,4.49090140486504,30.7277333333333,5.26095,6.5,0.005448571,0.146587230108428,78.3924948955801,0.00186991408174576,678,146,824,233,0.365971624190127,1,1,19,7,0,3,1,8,168,0,128,0,0,24,2
"125","2014-310",43,5,"Mackenzie Shelf",2014,"434","2014-08-23","2014-06-23",61,4.49090140486504,30.7277333333333,5.26095,6.5,0.005448571,0.264250387935682,576.935234312912,0.000458024353895434,861,99,960,99,-1.14911253485305,0,2,0,6,0,0,1,0,0,0,1,0,12,0,0
"126","2014-312",46,7,"Mackenzie Shelf",2014,"434","2014-08-23","2014-06-23",61,4.49090140486504,30.7277333333333,5.26095,6.5,0.005448571,0.756957697116457,715.418510186227,0.00105806277911291,835,103,938,103,0.398624841290479,0,0,1,7,6,10,1,1,4,0,0,1,0,7,0
"127","2014-315",36,4.5,"Mackenzie Shelf",2014,"434","2014-08-23","2014-06-23",61,4.49090140486504,30.7277333333333,5.26095,6.5,0.005448571,0.465375473093179,327.316325396435,0.00142179120619642,960,103,1063,103,-0.593833079187935,0,5,1,2,6,9,0,1,1,0,0,0,1,2,0
"128","2014-316",42,5.5,"Mackenzie Shelf",2014,"434","2014-08-23","2014-06-23",61,4.49090140486504,30.7277333333333,5.26095,6.5,0.005448571,1.0608317514845,535.214567859161,0.0019820681558198,808,132,940,585.5,-0.498358326900887,0,0,0,5,0,8,0,0,0,0,0,0,1,0,0
"129","2014-317",41,5,"Mackenzie Shelf",2014,"434","2014-08-23","2014-06-23",61,4.49090140486504,30.7277333333333,5.26095,6.5,0.005448571,0.400413889081414,495.613573985548,0.000807915501307657,818,99,917,99,-0.847604118948728,0,26,0,15,0,0,0,0,2,1,3,0,2,4,0
"130","2014-318",40,5,"Mackenzie Shelf",2014,"434","2014-08-23","2014-06-23",61,4.49090140486504,30.7277333333333,5.26095,6.5,0.005448571,0.870720993276336,458.072333115561,0.0019008373357853,841,115,956,115,-0.69684991099657,0,1,2,3,1,3,0,0,2,0,1,0,0,3,0
"131","2014-321",31,4,"Mackenzie Shelf",2014,"434","2014-08-23","2014-06-23",61,4.49090140486504,30.7277333333333,5.26095,6.5,0.005448571,0.180533120880069,203.145166196972,0.000888690212323447,836,71,907,404,-0.340062039427142,1,0,30,2,0,4,0,16,34,1,10,0,0,20,1
"132","2014-322",22,3,"Mackenzie Shelf",2014,"421","2014-08-24","2014-06-23",62,4.49090140486504,26.731375,0.106125,9,0.001690748,0.133458036039373,68.0285229108155,0.00196179529304692,197,165,362,226.5,0.0167258321422856,0,0,0,21,2,2,29,6,1,0,0,4,7,8,12
"133","2014-324",30,4.5,"Mackenzie Shelf",2014,"421","2014-08-24","2014-06-23",62,4.49090140486504,26.731375,0.106125,9,0.001690748,0.0288172632907139,182.969833152152,0.000157497346935603,415,99,514,126,0.310692168525017,0,0,0,5,0,0,10,4,1,0,0,3,4,4,0
"134","2014-BulkA",21.2059996968715,2.94956546464184,"North Water",2014,"105","2014-08-01","2014-05-19",74,4.98640854203936,32.5150714285714,4.18992857142857,15,0.053806338,0.258708970919373,60.5014947894111,0.00427607568738372,1531,552,2083,1490,0.0859901835960362,0,0,0,1,1,3,0,0,0,0,0,0,0,5,0
"135","2014-BulkB",21.1886120886516,2.68831456222818,"North Water",2014,"105","2014-08-01","2014-05-19",74,4.98640854203936,32.5150714285714,4.18992857142857,15,0.053806338,0.017669386435539,60.3433889496747,0.000292813955979087,3221,911,4132,1484,-0.17263946371225,0,1,0,2,0,0,5,0,3,1,1,0,0,0,0
"136","2014-BulkC",17.4809603358791,2.37012436057051,"North Water",2014,"105","2014-08-01","2014-05-19",74,4.98640854203936,32.5150714285714,4.18992857142857,15,0.053806338,0.0578996160378987,32.669760921482,0.00177226935259961,305,103,408,207,0.0681144379817308,0,1,0,3,3,2,0,0,4,2,0,0,0,4,1
"137","2014-BulkD",16.4377038426852,2.33663065513286,"North Water",2014,"105","2014-08-01","2014-05-19",74,4.98640854203936,32.5150714285714,4.18992857142857,15,0.053806338,0.0604943498843401,26.8470123659353,0.00225329914032066,232,156,388,259,0.191896038866474,0,2,0,0,1,3,1,0,0,0,0,0,0,4,0
"138","2014-BulkE",19.1225551119342,2.63025880613625,"North Water",2014,"105","2014-08-01","2014-05-19",74,4.98640854203936,32.5150714285714,4.18992857142857,15,0.053806338,0.216283492493707,43.5004929347948,0.00497197796856937,2037,505,2542,1195.5,0.0807715633048831,0,0,0,9,5,0,1,3,3,3,0,0,0,13,0
"139","2014-BulkF",8.34019241463021,0.626218764116923,"Peel Sound",2014,"309","2014-08-10","2014-09-01",-22,0.117005313840156,30.4663461538462,-1.01840384615385,53,0.065791876,0.0015495149174022,3.08257998065209,0.000502668195838479,1754,277,2031,882,-0.29778193042948,0,0,0,0,0,0,1,2,2,0,0,0,0,0,5
"140","2015-104",20.714,2.571,"Lancaster Sound",2015,"CAA-2","2015-08-10","2015-05-18",84,13.5694351274854,32.531,4.54716666666667,7.5,0.111796982,0.039116429093935,56.1364260833532,0.000696810107502278,361,130,491,220,-0.218404256431238,8,3,0,0,0,0,13,22,11,0,0,1,4,0,13
"141","2015-119",20,2.714,"Lancaster Sound",2015,"CAA-2","2015-08-10","2015-05-18",84,13.5694351274854,32.531,4.54716666666667,7.5,0.111796982,0.141158620616828,50.1936034982106,0.00281228305558617,408,155,563,272,0.0322342480466028,0,0,7,1,0,0,14,12,3,2,3,1,1,10,8
"142","2015-128",25,3.429,"Lancaster Sound",2015,"CAA-3","2015-08-11","2015-05-18",85,13.5694351274854,31.5715238095238,3.36728571428571,22,0.076520325,0.542463539750554,102.280140787903,0.00530370349093922,484,103,587,283,-0.00653679171419044,0,0,0,14,2,1,3,0,0,0,0,0,0,30,0
"143","2015-129",20.857,2.857,"Lancaster Sound",2015,"CAA-3","2015-08-11","2015-05-18",85,13.5694351274854,31.5715238095238,3.36728571428571,22,0.076520325,0.14446518951354,57.3820504195535,0.00251760242893502,945,115,1060,247,0.0460378918316032,0,1,0,2,0,8,36,12,0,0,2,6,0,30,29
"144","2015-133",11.857,1.714,"Lancaster Sound",2015,"CAA-3","2015-08-11","2015-05-18",85,13.5694351274854,31.5715238095238,3.36728571428571,22,0.076520325,0.059145059432263,9.46983397159397,0.00624562791804761,948,63,1011,142,0.259825763401031,0,0,0,1,0,0,15,1,3,0,0,0,0,21,5
"145","2015-135",12.143,1.714,"Lancaster Sound",2015,"CAA-3","2015-08-11","2015-05-18",85,13.5694351274854,31.5715238095238,3.36728571428571,22,0.076520325,0.0542440326541885,10.2179227173431,0.0053087143203891,395,83,478,129,0.216710059926713,0,1,0,1,0,0,19,0,1,5,1,0,0,17,10
"146","2015-140",25.571,2.751,"Lancaster Sound",2015,"CAA-3","2015-08-11","2015-05-18",85,13.5694351274854,31.5715238095238,3.36728571428571,22,0.076520325,0.471055448623148,109.920296578164,0.00428542738044908,327,146,473,271.5,-0.770617444454873,0,0,0,13,0,0,4,0,0,0,0,0,0,54,0
"147","2015-141",11.429,1.714,"Lancaster Sound",2015,"CAA-3","2015-08-11","2015-05-18",85,13.5694351274854,31.5715238095238,3.36728571428571,22,0.076520325,0.0736389762256216,8.42187811540722,0.00874377130807727,1276,52,1328,246,0.324348564404554,0,5,0,2,0,0,19,3,2,0,0,0,0,38,11
"148","2015-142",10.857,1.571,"Lancaster Sound",2015,"CAA-3","2015-08-11","2015-05-18",85,13.5694351274854,31.5715238095238,3.36728571428571,22,0.076520325,0.0128987160274765,7.14952307478571,0.00180413656862883,418,103,521,305.5,0.267579971353189,0,16,0,0,0,0,8,1,6,0,1,0,0,0,2
"149","2015-146",15.857,2.143,"Lancaster Sound",2015,"CAA-3","2015-08-11","2015-05-18",85,13.5694351274854,31.5715238095238,3.36728571428571,22,0.076520325,0.026736464032625,23.936892150291,0.00111695636445853,849,62,911,271,0.0858089315923959,0,0,0,0,0,0,20,3,4,0,0,0,0,6,7
"150","2015-148",15.714,2.143,"Lancaster Sound",2015,"CAA-3","2015-08-11","2015-05-18",85,13.5694351274854,31.5715238095238,3.36728571428571,22,0.076520325,0.0210992929237189,23.255057527719,0.000907299106810183,499,88,587,256,0.107366783329554,2,2,0,3,0,0,5,1,5,0,0,1,0,8,4
"151","2015-150",21.571,3.143,"Lancaster Sound",2015,"CAA-3","2015-08-11","2015-05-18",85,13.5694351274854,31.5715238095238,3.36728571428571,22,0.076520325,0.0651500854846464,63.8864680548311,0.00101977910922749,671,144,815,263,0.224399387353761,0,0,2,1,0,0,10,3,4,0,2,0,0,4,2
"152","2015-151",10.286,1,"Lancaster Sound",2015,"CAA-5","2015-08-13","2015-05-18",87,13.5694351274854,31.1706976190476,3.29104821428571,17.6666666666667,0.221700732,0.00150341811032016,6.01767997990355,0.000249833509814567,725,116,841,323,-0.217339375906128,0,3,0,0,0,0,0,0,5,0,0,1,0,0,1
"153","2015-159",14.714,2.143,"Lancaster Sound",2015,"CAA-5","2015-08-13","2015-05-18",87,13.5694351274854,31.1706976190476,3.29104821428571,17.6666666666667,0.221700732,0.025419046609373,18.8548806386915,0.00134814147575198,466,181,647,290.5,0.258120991281713,3,1,0,0,0,0,14,1,4,0,0,1,1,0,2
"154","2015-161",17.143,2.429,"Lancaster Sound",2015,"CAA-5","2015-08-13","2015-05-18",87,13.5694351274854,31.1706976190476,3.29104821428571,17.6666666666667,0.221700732,0.12340172977958,30.6972634688685,0.00401995864891106,708,116,824,259,0.17793902016592,1,1,3,0,0,1,10,5,4,0,0,1,0,5,4
"155","2015-163",26.751,4,"Lancaster Sound",2015,"CAA-5","2015-08-13","2015-05-18",87,13.5694351274854,31.1706976190476,3.29104821428571,17.6666666666667,0.221700732,0.931153286971183,126.933822206183,0.00733573818850804,336,155,491,239.5,0.30049259016158,0,0,2,4,5,2,9,2,142,0,1,0,0,2,0
"156","2015-176",17.429,2.429,"Lancaster Sound",2015,"CAA-4","2015-08-13","2015-05-18",87,13.5694351274854,28.8197601010101,0.396288277511962,21.5,0.102265128,0.163285086994972,32.360995158703,0.00504573750572867,375,147,522,259,0.134823316691603,0,0,5,1,3,4,9,3,24,0,5,1,0,21,20
"157","2015-18",17.571,2.286,"West Baffin Bay",2015,"BB-3","2015-08-06","2015-07-06",31,12.9825672024422,31.469048951049,3.0884965034965,13,0.065567591,0.0656844549060051,33.209585625588,0.00197787637721668,1521,271,1792,1021,-0.0295837808376041,0,0,4,6,0,1,7,2,2,0,0,0,0,2,3
"158","2015-182",12.143,1.143,"Lancaster Sound",2015,"CAA-4","2015-08-13","2015-05-18",87,13.5694351274854,28.8197601010101,0.396288277511962,21.5,0.102265128,0.00727498673048469,10.2179227173431,0.000711982947193042,377,63,440,243,-0.354289940073287,0,0,0,0,0,0,1,0,17,0,0,1,0,3,8
"159","2015-189",9.571,0.857,"Lancaster Sound",2015,"CAA-4","2015-08-13","2015-05-18",87,13.5694351274854,28.8197601010101,0.396288277511962,21.5,0.102265128,0.00820194568364677,4.78207659822662,0.00171514310052841,439,91,530,299.5,-0.252550117220335,0,0,0,0,0,0,5,0,5,0,0,1,0,4,12
"160","2015-195",11.429,1.143,"Lancaster Sound",2015,"CAA-4","2015-08-13","2015-05-18",87,13.5694351274854,28.8197601010101,0.396288277511962,21.5,0.102265128,0.0201616869016988,8.42187811540722,0.00239396564821027,328,125,453,279.5,-0.246651435595446,0,0,0,0,0,0,9,0,18,0,0,2,5,0,8
"161","2015-2",15.857,2,"West Baffin Bay",2015,"BB-3","2015-08-06","2015-07-06",31,12.9825672024422,31.469048951049,3.0884965034965,13,0.065567591,0.0287744329143074,23.936892150291,0.00120209560763541,1755,250,2005,475.5,-0.0571910684076039,0,0,1,0,0,0,12,2,20,1,0,0,0,1,9
"162","2015-22",11.714,1.429,"West Baffin Bay",2015,"BB-3","2015-08-06","2015-07-06",31,12.9825672024422,31.469048951049,3.0884965034965,13,0.065567591,0.0158363012684407,9.11029290738049,0.00173828673012382,323,177,500,326,-0.0036163848618108,0,3,0,0,0,0,2,0,35,1,0,0,0,0,2
"163","2015-226",10.714,1.143,"Peel Sound",2015,"CAA-7","2015-08-15","2015-08-10",5,0.934012188769415,29.1391666666667,0.597166666666667,5.5,0.344961225,0.0058482770248354,6.85343704260985,0.000853334901666846,461,154,615,400,-0.138862176909652,0,0,0,0,0,0,4,0,6,0,0,3,1,0,10
"164","2015-228",9.571,0.857,"Peel Sound",2015,"CAA-7","2015-08-15","2015-08-10",5,0.934012188769415,29.1391666666667,0.597166666666667,5.5,0.344961225,0.00664209472350217,4.78207659822662,0.00138895615473104,1046,185,1231,308,-0.252550117220335,0,0,0,0,0,0,3,0,2,0,0,17,0,0,5
"165","2015-230",10.571,1.286,"Peel Sound",2015,"CAA-7","2015-08-15","2015-08-10",5,0.934012188769415,29.1391666666667,0.597166666666667,5.5,0.344961225,0.0039744335734872,6.56588031208381,0.000605316177660544,600,169,769,308,0.0256956748275066,0,0,0,0,0,0,4,0,4,0,0,0,1,0,3
"166","2015-233",11.571,1.429,"Peel Sound",2015,"CAA-7","2015-08-15","2015-08-10",5,0.934012188769415,29.1391666666667,0.597166666666667,5.5,0.344961225,0.0106960169904882,8.76023668281874,0.00122097351678477,707,185,892,308,0.017941466875348,1,0,0,0,0,0,8,0,6,0,0,0,0,0,0
"167","2015-234",11.286,1.429,"Peel Sound",2015,"CAA-7","2015-08-15","2015-08-10",5,0.934012188769415,29.1391666666667,0.597166666666667,5.5,0.344961225,0.00265251636735508,8.09031508632851,0.000327863172083058,292,200,492,323,0.0609064161417133,0,0,0,0,0,0,1,0,1,0,0,6,0,0,8
"168","2015-241",13,1.429,"Peel Sound",2015,"CAA-7","2015-08-15","2015-08-10",5,0.934012188769415,29.1391666666667,0.597166666666667,5.5,0.344961225,0.0339803392857435,12.7011189500901,0.00267538154860776,1000,385,1385,615,-0.197486296288287,0,0,2,0,0,1,18,0,2,0,0,0,0,8,35
"169","2015-242",10.857,0.857,"Peel Sound",2015,"CAA-7","2015-08-15","2015-08-10",5,0.934012188769415,29.1391666666667,0.597166666666667,5.5,0.344961225,0.00387461093497207,7.14952307478571,0.00054193977618405,708,154,862,338,-0.446420028646811,0,0,0,0,0,0,1,0,3,0,0,9,0,0,12
"170","2015-246",12.714,1.429,"Peel Sound",2015,"CAA-7","2015-08-15","2015-08-10",5,0.934012188769415,29.1391666666667,0.597166666666667,5.5,0.344961225,0.00893679119630213,11.8310402027084,0.000755368170776421,677,185,862,385,-0.154370592813969,0,0,0,0,0,0,6,2,2,0,0,3,1,0,2
"171","2015-248",12,1.286,"Peel Sound",2015,"CAA-7","2015-08-15","2015-08-10",5,0.934012188769415,29.1391666666667,0.597166666666667,5.5,0.344961225,0.013905918877703,9.83899782093243,0.00141334708379731,307,185,492,385,-0.189732088336128,0,0,0,0,0,0,9,0,4,0,0,0,0,5,24
"172","2015-25",12.857,1.571,"West Baffin Bay",2015,"BB-3","2015-08-06","2015-07-06",31,12.9825672024422,31.469048951049,3.0884965034965,13,0.065567591,0.0237919029042127,12.2607815178284,0.00194048828531989,1897,82,1979,375,-0.0339284445511281,0,2,0,0,0,0,1,0,29,10,0,0,0,2,5
"173","2015-264",27.286,3.857,"Amundsen Gulf Mouth",2015,"407","2015-08-24","2015-05-11",105,2.07350592161339,29.037,4.71781818181818,12,0.002039651,0.16991475310963,135.210646733358,0.00125666696532197,258,236,494,358,0.076839088907175,5,0,2,10,0,0,43,163,25,0,0,2,2,17,13
"174","2015-265",26.429,3.857,"Amundsen Gulf Mouth",2015,"407","2015-08-24","2015-05-11",105,2.07350592161339,29.037,4.71781818181818,12,0.002039651,0.418482045137967,122.123775220401,0.00342670413179348,530,52,582,185,0.206035445122175,24,2,4,0,0,0,79,253,69,18,0,3,0,32,77
"175","2015-266",26.857,3.714,"Amundsen Gulf Mouth",2015,"407","2015-08-24","2015-05-11",105,2.07350592161339,29.037,4.71781818181818,12,0.002039651,0.431476815810792,128.545273263086,0.00335661362614022,272,103,375,116,-0.00148735588134882,8,2,3,17,0,0,210,141,22,14,0,21,1,38,78
"176","2015-267",37,6,"Amundsen Gulf Mouth",2015,"407","2015-08-24","2015-05-11",105,2.07350592161339,29.037,4.71781818181818,12,0.002039651,0.506897303410715,357.212122830789,0.00141903723589704,337,26,363,113,0.755412712859906,0,0,2,22,2,2,113,92,22,0,9,5,1,18,38
"177","2015-268",36,5,"Amundsen Gulf Mouth",2015,"407","2015-08-24","2015-05-11",105,2.07350592161339,29.037,4.71781818181818,12,0.002039651,0.305246364778626,327.316325396435,0.000932572991612689,318,62,380,203,-0.0938330791879353,7,2,4,4,0,2,42,107,72,11,5,3,0,31,30
"178","2015-269",38,6,"Amundsen Gulf Mouth",2015,"407","2015-08-24","2015-05-11",105,2.07350592161339,29.037,4.71781818181818,12,0.002039651,1.39275807797361,388.930823083688,0.00358099177362944,400,62,462,335,0.604658504907747,1,1,6,9,4,1,56,233,34,32,1,1,0,58,27
"179","2015-270",42,7,"Amundsen Gulf Mouth",2015,"407","2015-08-24","2015-05-11",105,2.07350592161339,29.037,4.71781818181818,12,0.002039651,0.990648147788643,535.214567859161,0.00185093644171757,171,65,236,132,1.00164167309911,2,1,0,3,4,3,4,7,11,1,6,1,0,1,2
"180","2015-271",34,5,"Amundsen Gulf Mouth",2015,"407","2015-08-24","2015-05-11",105,2.07350592161339,29.037,4.71781818181818,12,0.002039651,0.365077967203103,272.759844925216,0.00133845935901305,565,82,647,113,0.207675336716382,0,0,6,9,1,3,2,50,1,0,2,1,0,15,5
"181","2015-272",38,6,"Amundsen Gulf Mouth",2015,"407","2015-08-24","2015-05-11",105,2.07350592161339,29.037,4.71781818181818,12,0.002039651,2.92750064470576,388.930823083688,0.00752704715325644,299,154,453,198,0.604658504907747,0,0,0,15,5,3,20,45,7,6,0,1,3,17,3
"182","2015-273",23,3.714,"Amundsen Gulf Mouth",2015,"407","2015-08-24","2015-05-11",105,2.07350592161339,29.037,4.71781818181818,12,0.002039651,0.178472879273236,78.3924948955801,0.00227665772738786,298,103,401,163,0.579971624190127,0,6,7,1,0,0,110,211,13,30,0,8,1,56,96
"183","2015-291",37,5.5,"Mackenzie Shelf",2015,"435","2015-08-27","2015-05-25",94,3.20324699567532,28.3407833333333,3.96855,9,0.002783745,1.97341600443149,357.212122830789,0.0055244933704736,530,308,838,346,0.255412712859906,1,0,0,30,12,10,3,1,0,1,1,4,0,9,0
"184","2015-292",41,6,"Mackenzie Shelf",2015,"435","2015-08-27","2015-05-25",94,3.20324699567532,28.3407833333333,3.96855,9,0.002783745,1.25394457432987,495.613573985548,0.00253008521184376,3764,129,3893,323,0.152395881051272,0,0,0,13,5,5,11,6,2,0,1,2,3,1,7
"185","2015-293",35,5,"Mackenzie Shelf",2015,"435","2015-08-27","2015-05-25",94,3.20324699567532,28.3407833333333,3.96855,9,0.002783745,0.99241074680094,299.184955297247,0.0033170476296676,10335,91,10426,216,0.0569211287642235,4,0,0,18,5,8,24,3,7,0,0,4,1,19,16
"186","2015-294",24.429,3.857,"Mackenzie Shelf",2015,"435","2015-08-27","2015-05-25",94,3.20324699567532,28.3407833333333,3.96855,9,0.002783745,0.125687064258969,95.0127392297725,0.0013228443393787,379,99,478,194,0.507543861026493,10,1,8,0,0,0,37,5,16,1,4,2,0,41,43
"187","2015-295",34,5,"Mackenzie Shelf",2015,"435","2015-08-27","2015-05-25",94,3.20324699567532,28.3407833333333,3.96855,9,0.002783745,1.51180967603382,272.759844925216,0.00554264018022272,1561,103,1664,1058,0.207675336716382,0,0,1,15,3,20,13,8,7,10,3,2,0,9,12
"188","2015-296",33,5,"Mackenzie Shelf",2015,"435","2015-08-27","2015-05-25",94,3.20324699567532,28.3407833333333,3.96855,9,0.002783745,0.0903706209524465,247.983141657144,0.000364422437543723,453.208,148,601.208,309,0.358429544668541,0,1,2,0,0,0,40,41,10,2,1,0,2,23,26
"189","2015-297",35,5,"Mackenzie Shelf",2015,"435","2015-08-27","2015-05-25",94,3.20324699567532,28.3407833333333,3.96855,9,0.002783745,0.380862888231675,299.184955297247,0.00127300147112437,1932,115,2047,495,0.0569211287642235,0,0,5,4,3,14,9,5,3,2,0,0,10,26,5
"190","2015-298",19.429,3,"Mackenzie Shelf",2015,"435","2015-08-27","2015-05-25",94,3.20324699567532,28.3407833333333,3.96855,9,0.002783745,0.094142478556619,45.7635408352153,0.00205715023004024,480,116,596,308.5,0.404314900787286,7,0,0,0,0,0,35,50,2,4,0,3,0,16,41
"191","2015-299",33,5,"Mackenzie Shelf",2015,"421","2015-08-30","2015-05-25",97,3.20324699567532,27.0972941176471,-0.376411764705882,18,0.000604846,0.439922531263474,247.983141657144,0.00177400176610272,284,91,375,189.5,0.358429544668541,0,0,8,6,0,10,17,82,59,14,1,45,1,135,15
"192","2015-300",23.571,3.429,"Mackenzie Shelf",2015,"421","2015-08-30","2015-05-25",97,3.20324699567532,27.0972941176471,-0.376411764705882,18,0.000604846,0.07320216375874,84.7712397445647,0.0008635259314281,399,33,432,265,0.208890971449444,0,0,0,0,0,0,14,42,44,0,0,51,3,23,18
"193","2015-34",13.857,1.571,"West Baffin Bay",2015,"BB-2","2015-08-07","2015-07-06",32,12.9825672024422,31.0159,4.8994,11,0.029002713,0.0710254670699087,15.5699598125334,0.00456169880494713,185,115,300,221,-0.184682652503287,0,0,0,0,0,0,31,41,68,35,0,2,0,5,43
"194","2015-36",13.857,1.571,"West Baffin Bay",2015,"BB-2","2015-08-07","2015-07-06",32,12.9825672024422,31.0159,4.8994,11,0.029002713,0.0309955921524125,15.5699598125334,0.00199073038887755,492,179,671,288.5,-0.184682652503287,0,0,0,0,0,0,14,2,31,22,0,2,0,2,27
"195","2015-39",11.571,1.571,"West Baffin Bay",2015,"BB-2","2015-08-07","2015-07-06",32,12.9825672024422,31.0159,4.8994,11,0.029002713,0.0196066316444954,8.76023668281874,0.00223813948805167,203,150,353,212,0.159941466875348,0,0,0,0,0,0,9,2,25,7,0,0,0,0,16
"196","2015-41",11.857,1.571,"West Baffin Bay",2015,"BB-2","2015-08-07","2015-07-06",32,12.9825672024422,31.0159,4.8994,11,0.029002713,0.0273630320716722,9.46983397159397,0.00288949438329661,886,177,1063,288.5,0.116825763401031,1,0,0,0,0,0,10,0,17,6,0,4,0,0,10
"197","2015-46",17.571,2,"West Baffin Bay",2015,"BB-2","2015-08-07","2015-07-06",32,12.9825672024422,31.0159,4.8994,11,0.029002713,0.0681916597646755,33.209585625588,0.00205337279824816,572,116,688,207,-0.315583780837604,0,0,2,3,0,0,3,9,52,33,0,0,0,8,12
"198","2015-47",20.857,2.571,"West Baffin Bay",2015,"BB-2","2015-08-07","2015-07-06",32,12.9825672024422,31.0159,4.8994,11,0.029002713,0.536020102435172,57.3820504195535,0.00934125041743921,1301,53,1354,365,-0.239962108168397,0,0,5,9,2,5,5,1,19,8,0,0,0,5,2
"199","2015-50",15.714,1.714,"West Baffin Bay",2015,"BB-2","2015-08-07","2015-07-06",32,12.9825672024422,31.0159,4.8994,11,0.029002713,0.0558925947394947,23.255057527719,0.00240345974947055,362,181,543,272,-0.321633216670445,0,0,0,0,0,0,14,75,44,27,0,3,0,3,25
"200","2015-8",10.571,1.286,"West Baffin Bay",2015,"BB-3","2015-08-06","2015-07-06",31,12.9825672024422,31.469048951049,3.0884965034965,13,0.065567591,0.0147358739015698,6.56588031208381,0.00224431046579541,1267,129,1396,466,0.0256956748275066,0,0,0,0,0,0,5,0,34,0,0,0,0,0,2
"201","2015-82",17.429,2.286,"Lancaster Sound",2015,"CAA-1","2015-08-10","2015-05-18",84,13.5694351274854,31.9880694444444,2.07481837606838,16.5,0.028360529,0.273855562393679,32.360995158703,0.00846251980356759,256,115,371,207.5,-0.00817668330839707,0,0,0,5,0,8,7,0,0,0,0,0,1,7,3
"202","2016-220",10.795,1.25,"West Baffin Bay",2016,"169","2016-08-01","2016-07-04",28,7.7955756575259,29.1874166666667,1.88225,4,0.066990922,0.0145059888602415,7.02009407988837,0.00206635248689888,573,203,776,335,-0.044073267753777,0,0,0,0,0,0,21,0,2,0,0,5,2,0,14
"203","2016-221",12.955,1.25,"West Baffin Bay",2016,"169","2016-08-01","2016-07-04",28,7.7955756575259,29.1874166666667,1.88225,4,0.066990922,0.0177157154933821,12.5614001569656,0.00141032968236095,413,116,529,284,-0.36970235693044,0,0,0,0,0,0,19,0,0,0,0,1,3,2,30
"204","2016-223",8.75,0.682,"West Baffin Bay",2016,"169","2016-08-01","2016-07-04",28,7.7955756575259,29.1874166666667,1.88225,4,0.066990922,0.00442141896508666,3.59226509696174,0.00123081644749052,4785,104,4889,297,-0.303780912491613,0,0,0,0,0,0,6,0,3,0,0,4,0,0,3
"205","2016-226",10,0.795,"West Baffin Bay",2016,"169","2016-08-01","2016-07-04",28,7.7955756575259,29.1874166666667,1.88225,4,0.066990922,0.00145176141540852,5.5,0.000263956620983368,546,142,688,271,-0.379223672431811,0,0,0,0,0,0,0,0,0,0,0,0,0,0,14
"206","2016-227",11.477,1.136,"West Baffin Bay",2016,"169","2016-08-01","2016-07-04",28,7.7955756575259,29.1874166666667,1.88225,4,0.066990922,0.0285446295834523,8.5352299671451,0.00334433046248665,729,135,864,282,-0.260887637577149,0,0,0,0,0,1,26,0,2,0,0,0,0,0,12
"207","2016-228",10.795,0.909,"West Baffin Bay",2016,"169","2016-08-01","2016-07-04",28,7.7955756575259,29.1874166666667,1.88225,4,0.066990922,0.00970347599694063,7.02009407988837,0.00138224301362852,896,196,1092,433.5,-0.385073267753777,0,0,0,0,0,0,9,0,0,0,0,0,1,0,5
"208","2016-229",12.841,1.591,"West Baffin Bay",2016,"169","2016-08-01","2016-07-04",28,7.7955756575259,29.1874166666667,1.88225,4,0.066990922,0.0572557012837012,12.212174692243,0.00468841158324319,437,146,583,292,-0.0115163772238935,0,0,0,0,0,0,55,0,4,5,0,2,0,2,18
"209","2016-233",9.886,1.023,"West Baffin Bay",2016,"169","2016-08-01","2016-07-04",28,7.7955756575259,29.1874166666667,1.88225,4,0.066990922,0.00991629885952415,5.30247247804503,0.00187012736050639,851,212,1063,310,-0.134037692725265,0,0,0,0,0,0,12,0,1,0,0,0,0,0,12
"210","2016-235",12.159,1.136,"West Baffin Bay",2016,"169","2016-08-01","2016-07-04",28,7.7955756575259,29.1874166666667,1.88225,4,0.066990922,0.0121674965180876,10.2609331451844,0.00118580799094262,255,142,397,229,-0.363702007400522,0,0,0,0,0,0,2,0,2,14,0,0,0,0,0
"211","2016-241",12.273,1.477,"West Baffin Bay",2016,"169","2016-08-01","2016-07-04",28,7.7955756575259,29.1874166666667,1.88225,4,0.066990922,0.0185602493951455,10.5709868274209,0.00175577263486893,533,88,621,259,-0.0398879871070674,0,0,3,0,0,0,10,1,2,2,0,0,1,2,4
"212","2016-283",9.844,0.781,"North Water",2016,"323","2016-08-04","2016-05-16",80,12.1593021495707,32.4093117647059,5.18787647058824,12,0.016110544,0.00610052323858003,5.23094446782011,0.00116623743113876,1286,181,1467,440,-0.369706015991274,0,0,0,0,0,0,6,0,2,0,0,1,0,0,10
"213","2016-287",13.281,1.719,"North Water",2016,"323","2016-08-04","2016-05-16",80,12.1593021495707,32.4093117647059,5.18787647058824,12,0.016110544,0.00721181854429772,13.5978068254229,0.000530366303690555,1034,104,1138,388,0.0501517712771566,0,0,0,0,0,0,7,0,8,0,0,1,0,0,5
"214","2016-292",13.281,1.719,"North Water",2016,"323","2016-08-04","2016-05-16",80,12.1593021495707,32.4093117647059,5.18787647058824,12,0.016110544,0.00267029239504695,13.5978068254229,0.000196376697310812,2594,375,2969,1051,0.0501517712771566,0,0,0,0,0,0,4,0,2,0,0,0,0,0,1
"215","2016-317",14.375,2.031,"North Water",2016,"115","2016-08-06","2016-05-16",82,12.1593021495707,33.0116090909091,5.0223696969697,19.5,0.009993303,0.00367823384754082,17.5037757903884,0.00021013945171536,194,62,256,227.5,0.197226667777495,0,4,0,0,0,0,0,1,3,0,0,0,1,0,4
"216","2016-332",24.219,3.594,"North Water",2016,"111","2016-08-07","2016-05-16",83,12.1593021495707,32.4329343434343,4.56581313131313,11,0.017421621,0.351616267462747,92.4317106066628,0.00380406534894748,238,88,326,220.5,0.276202244696445,0,0,7,4,2,2,1,0,0,0,0,0,0,0,0
"217","2016-347",24.219,3.594,"North Water",2016,"111","2016-08-07","2016-05-16",83,12.1593021495707,32.4329343434343,4.56581313131313,11,0.017421621,0.120879449240249,92.4317106066628,0.00130777033603374,753,62,815,310,0.276202244696445,1,0,10,2,0,1,1,2,0,0,0,0,0,0,3
"218","2016-350",27.656,3.438,"North Water",2016,"111","2016-08-07","2016-05-16",83,12.1593021495707,32.4329343434343,4.56581313131313,11,0.017421621,1.52287282539796,141.146712971453,0.0107892900467754,2042,146,2188,724,-0.397939968035123,0,0,5,1,1,4,0,0,0,0,0,0,0,0,0
"219","2016-352",19.531,2.813,"North Water",2016,"111","2016-08-07","2016-05-16",83,12.1593021495707,32.4329343434343,4.56581313131313,11,0.017421621,0.0174332288878843,46.5343637972067,0.000374631293206392,1247,155,1402,410,0.201937971576166,0,4,2,0,0,0,10,5,5,0,0,4,0,1,20
"220","2016-353",21.963,3.125,"North Water",2016,"111","2016-08-07","2016-05-16",83,12.1593021495707,32.4329343434343,4.56581313131313,11,0.017421621,0.176220785000716,67.6642215680477,0.00260434216070152,1246,176,1422,1009,0.147303737836515,0,0,2,5,0,0,0,0,0,0,0,0,0,1,0
"221","2016-378",25.313,3.281,"North Water",2016,"116","2016-08-08","2016-05-16",84,12.1593021495707,32.5238194444444,4.44202777777778,16,0.083008398,0.12840937435439,106.421367321411,0.00120661270933093,193,91,284,240,-0.201722858803215,0,10,10,5,0,0,3,68,9,1,1,1,0,6,0
"222","2016-384",18.906,2.344,"North Water",2016,"116","2016-08-08","2016-05-16",84,12.1593021495707,32.5238194444444,4.44202777777778,16,0.083008398,0.0252186549659678,41.9484177498561,0.000601182507439254,1023,71,1094,282,-0.172840648453736,0,2,3,2,0,0,10,1,8,1,0,1,0,7,2
"223","2016-386",22.656,2.656,"North Water",2016,"116","2016-08-08","2016-05-16",84,12.1593021495707,32.5238194444444,4.44202777777778,16,0.083008398,0.222351579198634,74.7131784148536,0.00297606906728022,2402,98,2500,284,-0.42616892827433,0,0,4,2,0,0,2,5,0,1,2,0,0,6,0
"224","2016-408",17.188,2.344,"North Water",2016,"108","2016-08-08","2016-05-16",84,12.1593021495707,32.4363333333333,3.546375,17,0.028680574,0.0787438876492197,30.9550521554391,0.00254381376112085,441,142,583,240,0.0861550808080729,0,0,13,0,0,0,23,3,10,0,1,17,0,9,18
"225","2016-445",22.031,3.125,"North Water",2016,"105","2016-08-09","2016-05-16",85,12.1593021495707,31.4531785714286,4.08361607142857,8.5,0.025523864,1.25165128572761,68.3347832023439,0.0183164594525951,238,141,379,207.5,0.137052451695769,4,0,0,0,0,0,1,5,5,0,0,0,2,0,0
"226","2016-457",26.719,3.594,"North Water",2016,"105","2016-08-09","2016-05-16",85,12.1593021495707,31.4531785714286,4.08361607142857,8.5,0.025523864,0.284828252221327,126.450085513379,0.00225249552868978,256,97,353,212,-0.100683275183951,11,0,0,2,0,0,1,3,1,0,0,0,0,0,1
"227","2016-462",25.469,3.594,"North Water",2016,"101","2016-08-10","2016-05-16",86,12.1593021495707,30.9503776223776,1.23416433566434,13,0.003038399,0.341363724445072,108.527707563089,0.00314540620188289,441,115,556,338,0.087759484756247,0,0,12,1,0,1,11,0,0,0,1,26,0,5,4
"228","2016-478",18.438,2.344,"Lancaster Sound",2016,"Allen Bay","2016-08-17","2016-05-23",86,10.7252846339788,29.4218,3.2802,6,0.03430469,0.142669399441073,38.7248501099579,0.00368418209588851,959,62,1021,291.5,-0.102287679132125,0,0,0,7,1,10,37,1,1,0,0,0,3,12,3
"229","2016-481",18.906,2.5,"Lancaster Sound",2016,"Allen Bay","2016-08-17","2016-05-23",86,10.7252846339788,29.4218,3.2802,6,0.03430469,0.0327066143137111,41.9484177498561,0.000779686483260105,2823,94,2917,391,-0.0168406484537354,0,0,0,0,0,0,37,3,0,0,0,0,0,0,18
"230","2016-482",19.063,2.188,"Lancaster Sound",2016,"Allen Bay","2016-08-17","2016-05-23",86,10.7252846339788,29.4218,3.2802,6,0.03430469,0.132247700522366,43.0697915842561,0.00307054424128461,2561,71,2632,391,-0.352509059102224,0,0,4,8,0,0,27,0,1,0,1,0,0,2,16
"231","2016-483",23.75,3.125,"Lancaster Sound",2016,"Allen Bay","2016-08-17","2016-05-23",86,10.7252846339788,29.4218,3.2802,6,0.03430469,0.305894438533104,86.8419602449968,0.00352242668947271,1243,94,1337,326,-0.122094031773992,0,0,22,13,0,3,13,0,0,0,33,0,0,5,1
"232","2016-484",26.563,3.125,"Lancaster Sound",2016,"Allen Bay","2016-08-17","2016-05-23",86,10.7252846339788,29.4218,3.2802,6,0.03430469,0.302253020771151,124.10998111836,0.00243536432805433,1863,116,1979,548,-0.546165618743414,0,0,21,5,2,4,4,0,0,0,0,0,0,0,1
"233","2016-485",25.781,3.438,"Lancaster Sound",2016,"Allen Bay","2016-08-17","2016-05-23",86,10.7252846339788,29.4218,3.2802,6,0.03430469,0.407338443029586,112.82592955406,0.00361032649710554,907,65,972,297,-0.115275828124826,0,0,8,7,0,8,8,0,0,0,0,0,0,3,0
"234","2016-490",13.75,1.563,"Lancaster Sound",2016,"Allen Bay","2016-08-17","2016-05-23",86,10.7252846339788,29.4218,3.2802,6,0.03430469,0.0243303672850855,15.1896685259006,0.00160177078542555,3118,181,3299,1185,-0.176551952252406,0,0,0,0,0,0,25,0,4,0,0,0,3,0,3
"235","2016-491",14.531,1.563,"Lancaster Sound",2016,"Allen Bay","2016-08-17","2016-05-23",86,10.7252846339788,29.4218,3.2802,6,0.03430469,0.0457905965112356,18.1169607458217,0.00252749879815223,2962,163,3125,489,-0.294290988663042,0,0,0,0,0,0,47,0,4,0,0,0,4,0,27
"236","2016-496",13.906,2.344,"Lancaster Sound",2016,"305","2016-08-18","2016-05-23",87,10.7252846339788,29.1684888888889,0.657455555555556,13,0.025503171,0.073919399150517,15.7462733871685,0.00469440592913578,271,104,375,168,0.580930391307057,0,0,0,0,0,2,61,0,2,0,2,0,1,0,7
"237","2016-505",14.375,1.875,"Lancaster Sound",2016,"305","2016-08-18","2016-05-23",87,10.7252846339788,29.1684888888889,0.657455555555556,13,0.025503171,0.0112037406621436,17.5037757903884,0.000640075649751851,816,130,946,220,0.0412266677774951,0,0,0,0,0,0,9,0,3,0,0,1,1,0,7
"238","2016-508",8.504,0.625,"Lancaster Sound",2016,"305","2016-08-18","2016-05-23",87,10.7252846339788,29.1684888888889,0.657455555555556,13,0.025503171,0.00477602949548244,3.27990195605908,0.00145615007993135,624,61,685,242.5,-0.323695377335382,0,0,0,0,0,0,0,0,1,6,2,0,0,0,0
"239","2016-509",13.281,1.406,"Peel Sound",2016,"310E","2016-08-19","2016-08-01",18,3.86181971140142,24.54,2.225,6,0.0059686,0.18989703000093,13.5978068254229,0.0139652689907238,1941,155,2096,747.5,-0.262848228722844,0,0,3,0,0,0,25,4,2,0,0,0,1,10,28
"240","2016-510",12.813,1.25,"Peel Sound",2016,"310E","2016-08-19","2016-08-01",18,3.86181971140142,24.54,2.225,6,0.0059686,0.014967708450234,12.1274313504518,0.00123420269451176,2143,129,2272,722,-0.348295259401233,0,0,3,0,0,0,11,0,0,0,0,3,0,1,24
"241","2016-512",14.844,2.344,"Peel Sound",2016,"310E","2016-08-19","2016-08-01",18,3.86181971140142,24.54,2.225,6,0.0059686,0.0472609449513974,19.3914464924107,0.00243720575305685,390,329,719,462.5,0.439522944247933,0,0,9,0,0,0,21,0,0,0,0,0,0,1,5
"242","2016-514",13.813,1.25,"Peel Sound",2016,"310E","2016-08-19","2016-08-01",18,3.86181971140142,24.54,2.225,6,0.0059686,0.0157996010215043,15.412796601263,0.00102509631640825,1177,116,1293,168,-0.499049467353392,0,0,0,0,0,2,7,3,0,0,0,0,0,3,11
"243","2016-515",14.063,1.563,"Peel Sound",2016,"310E","2016-08-19","2016-08-01",18,3.86181971140142,24.54,2.225,6,0.0059686,0.0550144553810686,16.3204239231285,0.00337089622427667,1178,91,1269,388,-0.223738019341431,0,0,0,0,0,2,62,2,1,0,0,0,0,8,38
"244","2016-516",10,0.938,"Peel Sound",2016,"310E","2016-08-19","2016-08-01",18,3.86181971140142,24.54,2.225,6,0.0059686,0.00467678184681457,5.5,0.000850323972148103,788,53,841,290,-0.236223672431811,0,0,0,0,0,0,4,0,0,0,0,0,1,0,20
"245","2016-517",12.5,1.25,"Peel Sound",2016,"310E","2016-08-19","2016-08-01",18,3.86181971140142,24.54,2.225,6,0.0059686,0.0169495624239388,11.2074195739606,0.00151235191223852,624,129,753,313.5,-0.301109192312208,0,0,5,0,0,1,11,1,0,0,0,2,0,0,4
"246","2016-518",12.656,1.25,"Peel Sound",2016,"310E","2016-08-19","2016-08-01",18,3.86181971140142,24.54,2.225,6,0.0059686,0.0197509707524035,11.6597279268194,0.00169394782420032,2234,129,2363,659,-0.324626848752744,0,0,0,0,0,5,22,0,1,0,0,0,6,0,24
"247","2016-520",9.844,0.938,"Peel Sound",2016,"310E","2016-08-19","2016-08-01",18,3.86181971140142,24.54,2.225,6,0.0059686,0.00772146593115413,5.23094446782011,0.00147611315292206,1081,155,1236,432,-0.212706015991274,0,0,0,0,0,0,7,0,2,0,0,2,0,2,6
"248","2016-521",14.688,1.563,"Peel Sound",2016,"310E","2016-08-19","2016-08-01",18,3.86181971140142,24.54,2.225,6,0.0059686,0.0428825873372361,18.7488047863881,0.00228721712268131,957,155,1112,596.5,-0.317959399311531,0,0,2,0,0,0,41,1,0,0,0,1,0,13,45
"249","2016-525",13.594,1.593,"Larsen Sound - Victoria Strait",2016,"311","2016-08-20","2016-07-25",26,2.48585897975078,25.84425,1.8155,13,0.019057002,0.0183202298407312,14.6467229490528,0.00125080742664802,326,182,508,243,-0.123034295811869,0,0,0,0,0,0,19,1,4,0,0,0,0,0,10
"250","2016-535",16.25,1.875,"Larsen Sound - Victoria Strait",2016,"311","2016-08-20","2016-07-25",26,2.48585897975078,25.84425,1.8155,13,0.019057002,0.10371209232901,25.8812307513531,0.00400723185560207,673,153,826,325,-0.241437472132802,1,0,19,0,0,2,26,0,55,0,2,4,0,16,13
"251","2016-542",15.313,2.188,"Larsen Sound - Victoria Strait",2016,"311","2016-08-20","2016-07-25",26,2.48585897975078,25.84425,1.8155,13,0.019057002,0.0576343886923354,21.4143546425213,0.00269139040865112,723,141,864,334,0.21281922071837,0,0,7,0,0,0,12,0,67,0,2,0,0,7,8
"252","2016-545",13.125,1.406,"Larsen Sound - Victoria Strait",2016,"311","2016-08-20","2016-07-25",26,2.48585897975078,25.84425,1.8155,13,0.019057002,0.0167767971143841,13.0948188538171,0.00128117825085406,1677.10926517572,262.890734824281,1940,1011,-0.239330572282307,0,0,2,0,0,0,6,0,46,0,0,1,0,1,4
"253","2016-547",12.031,1.406,"Larsen Sound - Victoria Strait",2016,"311","2016-08-20","2016-07-25",26,2.48585897975078,25.84425,1.8155,13,0.019057002,0.0395341830330307,9.92030895660998,0.00398517659136904,698,182,880,415.5,-0.0744054687826452,0,0,1,0,0,0,45,0,6,0,1,3,0,2,48
"254","2016-550",14.063,1.563,"Larsen Sound - Victoria Strait",2016,"311","2016-08-20","2016-07-25",26,2.48585897975078,25.84425,1.8155,13,0.019057002,0.0473017559597752,16.3204239231285,0.00289831662354931,744,185,929,469.5,-0.223738019341431,1,0,2,0,0,0,25,0,18,0,3,1,2,2,44
"255","2016-555",11.875,1.25,"Larsen Sound - Victoria Strait",2016,"311","2016-08-20","2016-07-25",26,2.48585897975078,25.84425,1.8155,13,0.019057002,0.0312350190407591,9.51576990013298,0.00328244791210458,1029,178,1207,481,-0.206887812342108,0,0,0,0,0,0,40,0,1,0,0,3,0,0,60
"256","2016-569",19.219,2.813,"Larsen Sound - Victoria Strait",2016,"312","2016-08-20","2016-07-25",26,2.48585897975078,26.2153333333333,4.22466666666667,10,0.013253933,0.0765874310812396,44.204237062162,0.00173258122232805,3844,219,4063,636.5,0.248973284457239,0,0,5,0,0,0,41,8,27,0,1,21,1,16,79
"257","2016-570",18.125,2.344,"Larsen Sound - Victoria Strait",2016,"312","2016-08-20","2016-07-25",26,2.48585897975078,26.2153333333333,4.22466666666667,10,0.013253933,0.0401561172266441,36.6665085906299,0.00109517155491881,2175,221,2396,349,-0.0551016120430999,0,0,6,0,0,0,26,5,4,0,1,2,0,3,37
"258","2016-574",13.438,1.563,"Larsen Sound - Victoria Strait",2016,"312","2016-08-20","2016-07-25",26,2.48585897975078,26.2153333333333,4.22466666666667,10,0.013253933,0.0187038272986818,14.1172524415171,0.00132489146710136,2488,220,2708,826.5,-0.129516639371332,0,1,0,0,0,0,19,0,2,0,0,2,8,0,16
"259","2016-576",14.375,1.719,"Larsen Sound - Victoria Strait",2016,"312","2016-08-20","2016-07-25",26,2.48585897975078,26.2153333333333,4.22466666666667,10,0.013253933,0.0508156185402093,17.5037757903884,0.00290312325459019,2816,342,3158,1914,-0.114773332222505,0,0,5,0,0,1,39,4,7,0,0,4,0,1,38
"260","2016-578",20.625,2.813,"Larsen Sound - Victoria Strait",2016,"312","2016-08-20","2016-07-25",26,2.48585897975078,26.2153333333333,4.22466666666667,10,0.013253933,0.321231207946857,55.3706233886874,0.00580147356644149,2185,65,2250,379,0.0370128680765039,0,0,10,7,0,4,28,3,29,0,2,2,0,20,33
"261","2016-579",9.688,0.781,"Larsen Sound - Victoria Strait",2016,"312","2016-08-20","2016-07-25",26,2.48585897975078,26.2153333333333,4.22466666666667,10,0.013253933,0.00246259769062281,4.97106640512404,0.000495386198841445,2550,106,2656,1130.5,-0.346188359550737,0,0,0,0,0,0,3,0,1,0,0,0,0,0,12
"262","2016-583",24.375,3.75,"Coronation Maud",2016,"QMG-M","2016-08-21","2016-07-11",41,4.89054596066946,19.8085833333333,8.21166666666667,5,0.005338569,0.211162214124597,94.3443814014318,0.00223820656819096,2273,329,2602,1241,0.408684588255909,0,0,17,5,0,1,99,1,0,0,0,33,1,102,521
"263","2016-587",12.5,2.188,"Coronation Maud",2016,"QMG-2","2016-08-21","2016-07-11",41,4.89054596066946,20.82,7.20833333333333,4,0.004663531,0.0310056279006894,11.2074195739606,0.0027665269151454,845,144,989,307,0.636890807687793,0,0,0,8,0,0,5,0,0,0,0,0,3,1,11
"264","2016-588",11.875,1.563,"Coronation Maud",2016,"QMG-2","2016-08-21","2016-07-11",41,4.89054596066946,20.82,7.20833333333333,4,0.004663531,0.0127524701108269,9.51576990013298,0.00134014065542387,504,155,659,291,0.106112187657892,0,0,1,0,0,0,12,0,0,0,0,0,0,0,24
"265","2016-592",17.969,2.344,"Coronation Maud",2016,"QMG-1","2016-08-22","2016-07-11",42,4.89054596066946,24.1704,5.175,6,0.005011477,0.100364157985254,35.6692483956817,0.00281374468202713,1091,195,1286,555,-0.0315839556025633,0,0,2,11,0,0,6,0,0,0,0,12,0,12,87
"266","2016-594",17.969,2.031,"Coronation Maud",2016,"QMG-1","2016-08-22","2016-07-11",42,4.89054596066946,24.1704,5.175,6,0.005011477,0.00906831009399,35.6692483956817,0.000254233282220992,537,221,758,330,-0.344583955602563,0,1,1,0,0,0,1,0,0,0,2,0,0,4,44
"267","2016-600",18.906,2.5,"Coronation Maud",2016,"QMG-3","2016-08-22","2016-07-11",42,4.89054596066946,22.729375,7.3215,9,0.005683595,0.0654383293538023,41.9484177498561,0.00155997133775151,1952,53,2005,278.5,-0.0168406484537354,0,0,29,1,0,0,31,2,0,0,0,1,0,6,76
"268","2016-615",21.406,2.813,"Coronation Maud",2016,"QMG-4","2016-08-23","2016-07-11",43,4.89054596066946,24.9786666666667,7.82777777777778,10,0.010185541,0.125981837238427,62.3406034342712,0.0020208632945181,397,44,441,238,-0.0807261683341319,121,5,13,5,0,0,103,6,40,0,2,8,0,22,94
"269","2016-618",36,4.844,"Coronation Maud",2016,"314","2016-08-23","2016-07-11",43,4.89054596066946,25.2982388888889,7.64311666666667,10.5,0.002189511,0.819223913654412,327.316325396435,0.00250285075961975,1828,165,1993,257,-0.249833079187935,0,0,15,21,0,12,3,0,0,0,0,0,0,7,0
"270","2016-621",18.125,2.5,"Coronation Maud",2016,"314","2016-08-23","2016-07-11",43,4.89054596066946,25.2982388888889,7.64311666666667,10.5,0.002189511,0.123793574904423,36.6665085906299,0.00337620296185109,308,106,414,176,0.1008983879569,0,0,1,12,0,1,9,11,49,0,3,1,0,31,17
"271","2016-626",29,4,"Coronation Maud",2016,"316","2016-08-23","2016-07-11",43,4.89054596066946,27.1365,7.517,4,0.003644544,0.259576913221507,164.214802677493,0.00158071567842333,570,26,596,168,-0.0385536235228248,0,0,0,35,0,3,147,45,40,0,15,8,0,56,212
"272","2016-627",40,6,"Coronation Maud",2016,"316","2016-08-23","2016-07-11",43,4.89054596066946,27.1365,7.517,4,0.003644544,1.21880242547308,458.072333115561,0.00266072045256138,950,72,1022,292.5,0.30315008900343,1,12,48,4,0,9,216,109,282,0,45,2,4,78,91
"273","2017-308",26,3,"Lancaster Sound",2017,"301","2017-08-03","2017-05-22",73,7.48601559008161,30.3383193701723,2.36204188948307,16.3333333333333,0.038705838,0.636027296101561,115.911805193533,0.00548716582439219,324,114,438,228.5,-0.586290999666349,0,0,0,9,1,1,10,0,1,0,0,1,0,0,19
"274","2017-318",21.25,3.281,"Lancaster Sound",2017,"301","2017-08-03","2017-05-22",73,7.48601559008161,30.3383193701723,2.36204188948307,16.3333333333333,0.038705838,0.0441491115355693,60.9028603637575,0.000724910312452942,261,114,375,212,0.410791488106405,0,2,0,0,0,0,44,1,5,0,0,3,0,0,45
"275","2017-322",15,1.719,"Lancaster Sound",2017,"301","2017-08-03","2017-05-22",73,7.48601559008161,30.3383193701723,2.36204188948307,16.3333333333333,0.038705838,0.0242628979164302,20.0490503211771,0.00121017691749729,739,53,792,293,-0.208994712192604,0,2,0,0,0,0,23,2,4,0,0,1,0,0,34
"276","2017-331",15,1.875,"Lancaster Sound",2017,"301","2017-08-03","2017-05-22",73,7.48601559008161,30.3383193701723,2.36204188948307,16.3333333333333,0.038705838,0.00803400435410004,20.0490503211771,0.000400717451719596,470,52,522,233,-0.052994712192604,0,0,0,0,0,0,6,0,2,0,0,0,0,0,24
"277","2017-339",14.844,2.031,"Lancaster Sound",2017,"304","2017-08-04","2017-05-22",74,7.48601559008161,29.9355416666667,1.26192857142857,10.5,0.018896681,0.0249265369335456,19.3914464924107,0.0012854397913689,1815,172,1987,355,0.126522944247933,0,0,0,0,0,0,18,0,18,0,0,0,0,1,16
"278","2017-346",11.719,1.094,"Lancaster Sound",2017,"304","2017-08-04","2017-05-22",74,7.48601559008161,29.9355416666667,1.26192857142857,10.5,0.018896681,0.0149457249175093,9.1227034502647,0.00163829998409909,1740,83,1823,364.5,-0.339370155901571,0,4,0,0,0,0,5,0,17,0,0,0,0,0,5
"279","2017-348",12.188,1.25,"Lancaster Sound",2017,"304","2017-08-04","2017-05-22",74,7.48601559008161,29.9355416666667,1.26192857142857,10.5,0.018896681,0.0208416628099283,10.3392060579792,0.00201578948064817,2097,243,2340,1003,-0.254073879431134,0,0,0,0,0,0,14,0,16,0,0,0,0,0,11
"280","2017-359",14.531,1.719,"Lancaster Sound",2017,"305","2017-08-05","2017-05-22",75,7.48601559008161,30.28139449533,2.51549481128163,15.1290899795501,0.23590885,0.0198831434281241,18.1169607458217,0.00109748780201501,233,220,453,297,-0.138290988663042,0,0,12,0,0,1,5,0,0,0,0,0,0,2,3
"281","2017-360",9.375,0.781,"Lancaster Sound",2017,"305","2017-08-05","2017-05-22",75,7.48601559008161,30.28139449533,2.51549481128163,15.1290899795501,0.23590885,0.00286058910087803,4.47662856118493,0.000639005238379851,103,181,284,194,-0.299002292461712,0,0,0,0,0,0,2,0,1,0,0,0,0,0,5
"282","2017-363",13.438,1.563,"Lancaster Sound",2017,"305","2017-08-05","2017-05-22",75,7.48601559008161,30.28139449533,2.51549481128163,15.1290899795501,0.23590885,0.0193437316198719,14.1172524415171,0.00137021929019165,388,168,556,310,-0.129516639371332,0,0,3,0,0,1,13,0,1,0,0,0,0,0,4
"283","2017-381",15.469,1.719,"Coronation Maud",2017,"QMG-M","2017-08-08","2017-07-03",36,1.74943747087777,24.22665,3.80105,4.5,0.005514669,0.0374489894467998,22.1180702631628,0.0016931399982561,325,104,429,207.5,-0.279698435722166,0,0,4,0,0,0,25,0,0,0,0,1,0,30,150
"284","2017-382",16.406,2.031,"Coronation Maud",2017,"QMG-M","2017-08-08","2017-07-03",36,1.74943747087777,24.22665,3.80105,4.5,0.005514669,0.0267903310079249,26.682180975889,0.00100405326806432,847,132,979,875,-0.108955128573339,0,0,0,0,0,0,19,1,4,0,0,0,0,18,107
"285","2017-394",21.406,2.813,"Coronation Maud",2017,"QMG-4","2017-08-09","2017-07-03",37,1.74943747087777,27.9793333333333,3.23966666666667,4,0.002513823,0.0969074346109871,62.3406034342712,0.00155448342288123,698,103,801,314.5,-0.0807261683341319,0,0,9,0,0,0,29,7,20,0,8,37,0,11,403
"286","2017-395",17.969,2.344,"Coronation Maud",2017,"QMG-4","2017-08-09","2017-07-03",37,1.74943747087777,27.9793333333333,3.23966666666667,4,0.002513823,0.0646826390007521,35.6692483956817,0.00181340067172772,1533,116,1649,191.5,-0.0315839556025633,0,0,1,0,0,0,21,35,0,0,2,8,0,15,536
"287","2017-399",15.938,2.344,"Coronation Maud",2017,"QMG-3","2017-08-09","2017-07-03",37,1.74943747087777,27.5435,4.60907142857143,15,0.002683546,0.0476635164993031,24.3291302366352,0.00195911304825565,814,62,876,284,0.274597840748271,0,0,1,0,0,0,15,0,1,0,0,0,0,7,243
"288","2017-403",12.031,1.875,"Coronation Maud",2017,"QMG-1","2017-08-09","2017-07-03",37,1.74943747087777,21.0134285714286,4.15171428571429,8,0.003358927,0.0246962690244887,9.92030895660998,0.0024894657144759,2141,78,2219,308.5,0.394594531217355,0,0,0,0,0,0,5,0,30,0,0,0,0,24,4
"289","2017-406",16.719,2.5,"Coronation Maud",2017,"QMG-2","2017-08-09","2017-07-03",37,1.74943747087777,18.47175,6.12475,5,0.009571585,0.035274967007958,28.3402410205375,0.00124469537793963,337,116,453,239,0.312858804337635,0,0,0,0,0,0,7,35,3,0,1,3,0,7,3
"290","2017-408",19.375,2.969,"Coronation Maud",2017,"QMG-2","2017-08-09","2017-07-03",37,1.74943747087777,18.47175,6.12475,5,0.009571585,0.0952941354917164,45.3590289063943,0.00210088570653422,636,205,841,424,0.381455628016702,0,0,0,2,0,0,10,8,85,0,0,0,0,55,0
"291","2017-411",13.75,1.563,"Coronation Maud",2017,"QMG-2","2017-08-09","2017-07-03",37,1.74943747087777,18.47175,6.12475,5,0.009571585,0.00993361801778412,15.1896685259006,0.000653972007410555,1022,61,1083,534,-0.176551952252406,0,1,1,0,0,0,2,3,1,0,0,1,0,5,26
"292","2017-415",13.594,1.719,"Coronation Maud",2017,"QMG-2","2017-08-09","2017-07-03",37,1.74943747087777,18.47175,6.12475,5,0.009571585,0.0121018056777969,14.6467229490528,0.000826246643695784,339,195,534,329,0.00296570418813116,0,0,0,1,0,0,2,0,1,0,0,0,0,13,0
"293","2018-1001",17.187,2.343,"Coronation Maud",2018,"QMG-2","2018-08-21","2018-07-16",36,1.31638492878193,23.4742857142857,2.86571428571429,8,0.00109481,0.00908685437266623,30.9493074308844,0.000293604449565112,328,51,379,154,0.0853058350160249,0,0,0,0,0,0,4,0,8,0,1,0,5,0,3
"294","2018-1040",18.906,2.812,"Coronation Maud",2018,"QMG-4","2018-08-22","2018-07-16",37,1.31638492878193,27.7348461538462,2.68323076923077,14,0.003357846,0.0884297719703278,41.9484177498561,0.00210805977230526,773,51,824,330,0.295159351546264,0,0,0,3,0,0,72,1,7,0,0,0,5,9,58
"295","2018-1044",15.156,2.343,"Coronation Maud",2018,"QMG-4","2018-08-22","2018-07-16",37,1.31638492878193,27.7348461538462,2.68323076923077,14,0.003357846,0.08998156061375,20.7218035755726,0.00434236143034492,362,155,517,246.5,0.391487631366859,0,0,0,0,0,3,92,0,1,0,0,0,8,7,35
"296","2018-1058",17.343,2.656,"Coronation Maud",2018,"QMG-M","2018-08-22","2018-07-16",37,1.31638492878193,25.5763333333333,3.77716666666667,7,0.001288068,0.0699047126982651,31.8543659010099,0.0021945096290882,390,103,493,221,0.374788178575488,0,0,0,6,0,0,22,0,46,0,0,0,1,6,15
"297","2018-1064",10.937,1.718,"Coronation Maud",2018,"QMG-M","2018-08-22","2018-07-16",37,1.31638492878193,25.5763333333333,3.77716666666667,7,0.001288068,0.016669173870622,7.31893661725639,0.00227754040543539,309,103,412,261,0.402519634717016,0,0,0,0,0,0,17,0,8,0,0,0,1,0,42
"298","2018-1070",16.25,2.343,"Coronation Maud",2018,"QMG-M","2018-08-22","2018-07-16",37,1.31638492878193,25.5763333333333,3.77716666666667,7,0.001288068,0.0673803325631293,25.8812307513531,0.00260344390923552,308,134,442,221,0.226562527867198,0,0,0,0,0,0,31,7,64,0,0,2,11,24,17
"299","2018-1073",29.218,3.906,"North Water",2018,"101","2018-08-28","2018-05-21",99,13.1958398160237,31.9418,2.15426666666667,16,0.031435861,0.101818417991963,168.185184443442,0.000605394692338093,698,52,750,297,-0.165418040856395,152,86,0,4,0,0,0,0,3,0,0,2,0,0,5
"300","2018-1081",20.312,3.125,"North Water",2018,"101","2018-08-28","2018-05-21",99,13.1958398160237,31.9418,2.15426666666667,16,0.031435861,0.087353846818195,52.734370216151,0.00165648791215565,3733,52,3785,359,0.396198935165529,14,5,0,0,0,2,14,15,1,0,0,23,4,0,4
"301","2018-1085",24.218,3.281,"North Water",2018,"101","2018-08-28","2018-05-21",99,13.1958398160237,31.9418,2.15426666666667,16,0.031435861,0.764641191250016,92.4195365356507,0.00827358824673457,3365,135,3500,385,-0.0366470010956021,0,1,1,35,0,4,3,1,4,0,0,4,0,3,0
"302","2018-1087",20.312,3.125,"North Water",2018,"101","2018-08-28","2018-05-21",99,13.1958398160237,31.9418,2.15426666666667,16,0.031435861,0.137935836755134,52.734370216151,0.00261567240093612,2106,78,2184,417,0.396198935165529,0,4,3,13,0,2,9,6,0,0,0,4,0,102,22
"303","2018-1089",18.437,2.031,"North Water",2018,"101","2018-08-28","2018-05-21",99,13.1958398160237,31.9418,2.15426666666667,16,0.031435861,0.0132375594593293,38.718150634112,0.000341895448065813,3504,38,3542,375,-0.415136924924173,4,1,0,0,0,0,14,6,0,0,0,6,0,0,2
"304","2018-1090",10.156,1.406,"North Water",2018,"101","2018-08-28","2018-05-21",99,13.1958398160237,31.9418,2.15426666666667,16,0.031435861,0.0278961328319214,5.77840633018449,0.00482765164612969,2422,78,2500,343,0.208258671127652,0,1,0,0,0,0,9,0,1,0,0,38,0,0,0
"305","2018-1097",28.125,3.906,"North Water",2018,"115","2018-08-29","2018-05-21",100,13.1958398160237,31.9514444444444,3.04727777777778,19,0.144721966,0.489386207174847,148.925087440757,0.00328612334956342,379,106,485,207.5,-0.000643691564685968,0,0,0,2,0,3,3,7,22,0,0,2,0,0,0
"306","2018-1101",22.656,3.437,"North Water",2018,"115","2018-08-29","2018-05-21",100,13.1958398160237,31.9514444444444,3.04727777777778,19,0.144721966,0.0857183451914149,74.7131784148536,0.00114729887029372,1542,88,1630,180.5,0.35483107172567,0,0,0,0,0,0,0,4,127,0,7,0,0,0,0
"307","2018-1109",22.343,2.5,"North Water",2018,"115","2018-08-29","2018-05-21",100,13.1958398160237,31.9514444444444,3.04727777777778,19,0.144721966,0.0516261610787685,71.470040516217,0.000722346884175254,1118,132,1250,274,-0.534982861185305,0,0,0,0,0,0,0,4,110,2,1,5,0,0,5
"308","2018-1118",16.718,1.718,"North Water",2018,"115","2018-08-29","2018-05-21",100,13.1958398160237,31.9514444444444,3.04727777777778,19,0.144721966,0.0466110290299869,28.3348340316054,0.00164500801303427,544,115,659,203,-0.468990441454413,0,0,0,0,0,0,0,5,102,1,0,2,0,0,0
"309","2018-1130",21.875,2.968,"North Water",2018,"115","2018-08-29","2018-05-21",100,13.1958398160237,31.9514444444444,3.04727777777778,19,0.144721966,0.0531583968408155,66.8031599754028,0.000795746741028249,707,150,857,304.5,0.00357010813630542,0,0,0,0,0,0,5,9,80,0,1,4,0,2,2
"310","2018-1173",13.5605660825338,1.77728577432412,"Coronation Maud",2018,"QMG-1","2018-08-21","2018-07-16",36,1.31638492878193,21.3948,3.282,6,0.000844235,0.0352731869778281,14.5321185960842,0.00242725702688201,277,134,411,226,0.0662917822586058,0,0,0,0,0,0,31,0,15,0,0,14,0,13,62
"311","2018-1177",14.0116210957676,1.7192300182322,"Coronation Maud",2018,"QMG-1","2018-08-21","2018-07-16",36,1.31638492878193,21.3948,3.282,6,0.000844235,0.0464490096102717,16.1309756720179,0.00287949164109433,256,141,397,247,-0.0597624150962261,0,0,0,0,0,0,13,0,165,0,0,0,3,10,4
"312","2018-1178",10.8971936234388,1.06833567589389,"Coronation Maud",2018,"QMG-1","2018-08-21","2018-07-16",36,1.31638492878193,21.3948,3.282,6,0.000844235,0.00364852749801595,7.23429940886737,0.000504337364519887,182,141,323,221,-0.241143710619165,0,0,0,0,0,0,1,0,1,0,0,14,3,0,14
"313","2018-1179",14.0116210957676,1.77728577432412,"Coronation Maud",2018,"QMG-1","2018-08-21","2018-07-16",36,1.31638492878193,21.3948,3.282,6,0.000844235,0.0599476890459694,16.1309756720179,0.00371630893659826,128,144,272,259,-0.00170665900430617,0,1,0,2,0,0,9,0,146,0,1,1,0,16,3
"314","2018-1180",16.5686223045762,2.58560053221938,"Coronation Maud",2018,"QMG-2","2018-08-21","2018-07-16",36,1.31638492878193,23.4742857142857,2.86571428571429,8,0.00109481,0.0116387006063352,27.535077233066,0.000422686325076245,183,115,298,165,0.421129406924301,0,0,0,0,0,0,0,0,19,0,0,0,2,7,0
"315","2018-841",16.093,2.187,"Larsen Sound - Victoria Strait",2018,"312","2018-08-19","2018-08-13",6,0.673133497237569,26.5141166666667,1.37423333333333,13.5,0.004227431,0.0241983281848926,25.0919697611699,0.000964385355761899,142,168,310,247,0.0942309385156864,0,0,0,3,0,0,10,1,1,0,0,0,0,1,6
"316","2018-844",13.437,2.968,"Larsen Sound - Victoria Strait",2018,"312","2018-08-19","2018-08-13",6,0.673133497237569,26.5141166666667,1.37423333333333,13.5,0.004227431,0.023896013640788,14.113901469216,0.00169308349593541,633,142,775,397,1.27563411483662,0,0,0,3,0,1,10,3,14,0,0,0,0,5,5
"317","2018-847",12.968,2.187,"Larsen Sound - Victoria Strait",2018,"312","2018-08-19","2018-08-13",6,0.673133497237569,26.5141166666667,1.37423333333333,13.5,0.004227431,0.0173390911808831,12.6016544126577,0.00137593768350502,1296,155,1451,378.5,0.565337838366182,0,0,0,0,0,0,19,0,1,0,0,0,0,1,11
"318","2018-867",10.468,1.562,"Larsen Sound - Victoria Strait",2018,"312","2018-08-19","2018-08-13",6,0.673133497237569,26.5141166666667,1.37423333333333,13.5,0.004227431,0.028931365129575,6.36396726495676,0.00454612098476462,863,103,966,269.5,0.317223358246579,0,0,0,0,0,0,28,1,23,0,0,0,0,4,8
"319","2018-869",9.375,1.25,"Larsen Sound - Victoria Strait",2018,"312","2018-08-19","2018-08-13",6,0.673133497237569,26.5141166666667,1.37423333333333,13.5,0.004227431,0.0048267265852313,4.47662856118493,0.0010782057343515,445,181,626,305,0.169997707538288,0,0,0,0,0,0,6,0,2,0,0,0,0,0,6
"320","2018-871",7.031,1.25,"Larsen Sound - Victoria Strait",2018,"312","2018-08-19","2018-08-13",6,0.673133497237569,26.5141166666667,1.37423333333333,13.5,0.004227431,0.000584526634046188,1.78791649823462,0.000326931730102242,314,181,495,428.5,0.523365570978148,0,0,0,0,0,0,1,0,0,0,0,0,0,0,2
"321","2018-878",12.5,1.718,"Larsen Sound - Victoria Strait",2018,"312","2018-08-19","2018-08-13",6,0.673133497237569,26.5141166666667,1.37423333333333,13.5,0.004227431,0.0125142121906451,11.2074195739606,0.00111660066869636,758,212,970,401,0.166890807687792,0,0,0,0,0,0,13,2,2,0,1,0,0,0,4
"322","2018-886",9.375,1.25,"Larsen Sound - Victoria Strait",2018,"312","2018-08-19","2018-08-13",6,0.673133497237569,26.5141166666667,1.37423333333333,13.5,0.004227431,0.00573284706116392,4.47662856118493,0.00128061709449633,472,103,575,269.5,0.169997707538288,0,0,0,0,0,0,8,0,0,0,0,0,0,0,2
"323","2018-895",8.125,0.937,"Larsen Sound - Victoria Strait",2018,"312","2018-08-19","2018-08-13",6,0.673133497237569,26.5141166666667,1.37423333333333,13.5,0.004227431,0.00312671949815687,2.83595436891708,0.00110252814094143,246,142,388,216,0.0454404674784866,0,0,0,0,0,0,4,0,2,0,0,0,0,0,2
"324","2018-901",10.937,1.562,"Larsen Sound - Victoria Strait",2018,"312","2018-08-19","2018-08-13",6,0.673133497237569,26.5141166666667,1.37423333333333,13.5,0.004227431,0.0185640462469607,7.31893661725639,0.00253644036255088,291,71,362,229,0.246519634717017,0,0,0,1,0,0,12,0,17,0,0,0,0,4,5
"325","NEG-10",16.92,2,"NEG",2017,"3","2017-08-25","2017-06-19",67,0.467555901122732,29.484,1.24981818181818,11,0.00028404,0.0581390986714808,29.4414932804441,0.00197473335057018,906,154,1060,349,-0.217442791460749,0,0,0,0,0,0,56,1,0,0,0,0,0,2,8
"326","NEG-155",16.58,2.04,"NEG",2017,"23","2017-08-29","2017-06-19",71,0.467555901122732,28.2246,-0.5294,5,0.00015647,0.0245687417859714,27.5954403165562,0.000890318889792498,652,176,828,451.5,-0.126186360757014,0,0,0,0,0,0,20,35,0,0,0,12,0,0,10
"327","NEG-159",20.38,2.62,"NEG",2017,"23","2017-08-29","2017-06-19",71,0.467555901122732,28.2246,-0.5294,5,0.00015647,0.0512567636209953,53.299608943616,0.000961672414430249,316,175,491,269.5,-0.119052350975217,0,0,0,0,0,5,31,27,0,0,0,6,0,0,15
"328","NEG-217",18.65,2.5,"NEG",2017,"36","2017-08-31","2017-06-19",73,0.467555901122732,32.1728,-1.59386206896552,145,1.617e-05,0.0473270228305754,40.1631878759354,0.0011783681857319,1216,103,1319,168,0.0217524287820183,0,0,2,0,0,2,30,41,4,0,0,4,0,0,16
"329","NEG-218",23.15,2.77,"NEG",2017,"36","2017-08-31","2017-06-19",73,0.467555901122732,32.1728,-1.59386206896552,145,1.617e-05,0.112065520073425,80.0350765524428,0.00140020507133512,129,91,220,168,-0.386641507002732,0,0,2,0,0,0,7,200,55,1,0,8,0,0,12
"330","NEG-350",16.38,1.73,"NEG",2017,"45","2017-09-02","2017-06-19",75,0.467555901122732,28.6266538461538,-0.769961538461538,26,6.919e-05,0.024624174143872,26.5475240113502,0.000927550687338832,305,154,459,290.5,-0.406035519166583,0,0,0,0,0,1,15,28,0,0,0,12,0,0,12
"331","NEG-351",18.65,2.15,"NEG",2017,"45","2017-09-02","2017-06-19",75,0.467555901122732,28.6266538461538,-0.769961538461538,26,6.919e-05,0.0257184836321824,40.1631878759354,0.000640349658289754,97,88,185,141,-0.328247571217983,0,0,0,0,0,0,8,39,7,0,0,4,0,0,3
"332","NEG-352",15.96,1.73,"NEG",2017,"45","2017-09-02","2017-06-19",75,0.467555901122732,28.6266538461538,-0.769961538461538,26,6.919e-05,0.0254220621707644,24.4364210199992,0.00104033492261238,1159,160,1319,160,-0.342718751826676,0,0,0,0,0,0,17,31,1,0,0,8,0,1,13
"333","NEG-355",18.31,2.35,"NEG",2017,"45","2017-09-02","2017-06-19",75,0.467555901122732,28.6266538461538,-0.769961538461538,26,6.919e-05,0.0310664147482911,37.8737674148282,0.00082026206709312,309,150,459,196,-0.0769911405142488,0,0,0,0,0,1,12,50,0,0,0,0,0,4,7
"334","NEG-394",19.34,2.69,"NEG",2017,"61","2017-09-04","2017-06-19",77,0.467555901122732,27.667125,0.721125,8,1.748e-05,0.128628043756301,45.0981605103959,0.00285217938604503,360,144,504,178,0.107732025295028,0,0,0,0,0,10,52,109,13,0,0,4,0,11,21
"335","NEG-422",18.15,2.12,"NEG",2017,"74","2017-09-06","2017-06-19",79,0.467555901122732,33.2868823529412,2.61964705882353,17,0.00025025,0.0410958761694131,36.8280850296696,0.0011158841448396,360,154,514,238,-0.282870467241903,0,0,0,0,0,6,0,5,0,0,0,0,0,0,0
"336","NEG-425",20.5,2.77,"NEG",2017,"74","2017-09-06","2017-06-19",79,0.467555901122732,33.2868823529412,2.61964705882353,17,0.00025025,0.133736943996545,54.3072118147024,0.00246260007700006,137,79,216,181,0.0128571440705235,0,0,0,0,0,30,0,3,0,0,0,0,0,1,0
"337","NEG-435",26.15,3.27,"NEG",2017,"74","2017-09-06","2017-06-19",79,0.467555901122732,33.2868823529412,2.61964705882353,17,0.00025025,0.168475840764944,118.058535298257,0.00142705345563805,281,181,462,227,-0.338904130859173,0,0,0,0,0,30,0,0,0,0,0,0,0,1,0
"338","NEG-7",17.69,2.23,"NEG",2017,"3","2017-08-25","2017-06-19",67,0.467555901122732,29.484,1.24981818181818,11,0.00028404,0.0801794886479592,33.9323920766725,0.00236291884364616,1352,132,1484,207,-0.103523531583911,0,0,0,0,0,2,64,22,1,0,0,2,0,1,24
"339","NEG-9",20.04,2.46,"NEG",2017,"3","2017-08-25","2017-06-19",67,0.467555901122732,29.484,1.24981818181818,11,0.00028404,0.163476889763496,50.5145405600255,0.00323623431889357,453,71,524,216,-0.227795920271483,0,0,1,0,0,18,25,3,0,0,0,3,0,5,3
